date,name,jump_type,trial_number,bar_load,time,fp1,fp2,total_force,phase
2021-10-18,"",cmj,1,0,2.908,383.306518501482,407.604151872837,790.910670374319,Unweighting
2021-10-18,"",cmj,1,0,2.909,383.734471721814,407.652968660074,791.387440381888,Unweighting
2021-10-18,"",cmj,1,0,2.91,384.17427642073,407.694819239792,791.869095660522,Unweighting
2021-10-18,"",cmj,1,0,2.911,384.627089293932,407.727153629522,792.354242923453,Unweighting
2021-10-18,"",cmj,1,0,2.912,385.094431389476,407.748246824925,792.842678214401,Unweighting
2021-10-18,"",cmj,1,0,2.913,385.578028966921,407.757366746722,793.335395713642,Unweighting
2021-10-18,"",cmj,1,0,2.914,386.079651702877,407.754864316114,793.834516018991,Unweighting
2021-10-18,"",cmj,1,0,2.915,386.600967666517,407.74216798244,794.343135648957,Unweighting
2021-10-18,"",cmj,1,0,2.916,387.143430096737,407.721674804744,794.865104901481,Unweighting
2021-10-18,"",cmj,1,0,2.917,387.708207230623,407.696543794728,795.404751025351,Unweighting
2021-10-18,"",cmj,1,0,2.918,388.296162709493,407.670413263915,795.966575973408,Unweighting
2021-10-18,"",cmj,1,0,2.919,388.907886602424,407.647077060908,796.554963663332,Unweighting
2021-10-18,"",cmj,1,0,2.92,389.543764224107,407.630158708241,797.173922932348,Unweighting
2021-10-18,"",cmj,1,0,2.921,390.204056163072,407.622817314463,797.826873477535,Unweighting
2021-10-18,"",cmj,1,0,2.922,390.888956159557,407.627510213006,798.516466372563,Unweighting
2021-10-18,"",cmj,1,0,2.923,391.598598774789,407.645828574813,799.244427349601,Unweighting
2021-10-18,"",cmj,1,0,2.924,392.33300434197,407.678413594488,800.011417936458,Unweighting
2021-10-18,"",cmj,1,0,2.925,393.091967827624,407.724952109874,800.816919937498,Unweighting
2021-10-18,"",cmj,1,0,2.926,393.874914529476,407.784243430115,801.659157959591,Unweighting
2021-10-18,"",cmj,1,0,2.927,394.680754451763,407.854324571866,802.535079023629,Unweighting
2021-10-18,"",cmj,1,0,2.928,395.507766244281,407.932638144492,803.440404388773,Unweighting
2021-10-18,"",cmj,1,0,2.929,396.353532141085,408.016225671769,804.369757812854,Unweighting
2021-10-18,"",cmj,1,0,2.93,397.214932615469,408.101930514961,805.31686313043,Unweighting
2021-10-18,"",cmj,1,0,2.931,398.088198725359,408.186598824651,806.27479755001,Unweighting
2021-10-18,"",cmj,1,0,2.932,398.969012728758,408.267270981427,807.236283710185,Unweighting
2021-10-18,"",cmj,1,0,2.933,399.852641891925,408.341355614892,808.193997506818,Unweighting
2021-10-18,"",cmj,1,0,2.934,400.734087134739,408.406773250456,809.140860385196,Unweighting
2021-10-18,"",cmj,1,0,2.935,401.608231372689,408.462052728263,810.070284100952,Unweighting
2021-10-18,"",cmj,1,0,2.936,402.469982650667,408.506367402335,810.976350053001,Unweighting
2021-10-18,"",cmj,1,0,2.937,403.314417025926,408.539509708834,811.85392673476,Unweighting
2021-10-18,"",cmj,1,0,2.938,404.136928030799,408.561814996432,812.698743027231,Unweighting
2021-10-18,"",cmj,1,0,2.939,404.933384765632,408.574051924209,813.507436689841,Unweighting
2021-10-18,"",cmj,1,0,2.94,405.700296243897,408.577296803197,814.277593047093,Unweighting
2021-10-18,"",cmj,1,0,2.941,406.434977677264,408.572806512757,815.007784190022,Unweighting
2021-10-18,"",cmj,1,0,2.942,407.13571022441,408.561901016696,815.697611241106,Unweighting
2021-10-18,"",cmj,1,0,2.943,407.801876381517,408.545861913233,816.34773829475,Unweighting
2021-10-18,"",cmj,1,0,2.944,408.434042921184,408.525849138818,816.959892060002,Unweighting
2021-10-18,"",cmj,1,0,2.945,409.033959026109,408.502836428007,817.536795454117,Unweighting
2021-10-18,"",cmj,1,0,2.946,409.604443229675,408.477567287498,818.082010517174,Unweighting
2021-10-18,"",cmj,1,0,2.947,410.149150006428,408.450534032127,818.599684038556,Unweighting
2021-10-18,"",cmj,1,0,2.948,410.672232322637,408.421981128708,819.094213451345,Unweighting
2021-10-18,"",cmj,1,0,2.949,411.177941247959,408.391931422636,819.569872670595,Unweighting
2021-10-18,"",cmj,1,0,2.95,411.670217318031,408.360230277065,820.030447595096,Unweighting
2021-10-18,"",cmj,1,0,2.951,412.15232657326,408.326598541311,820.478925114571,Unweighting
2021-10-18,"",cmj,1,0,2.952,412.626581247852,408.290682518008,820.91726376586,Unweighting
2021-10-18,"",cmj,1,0,2.953,413.094168826859,408.252089950066,821.346258776925,Unweighting
2021-10-18,"",cmj,1,0,2.954,413.5550999335,408.210405797656,821.765505731156,Unweighting
2021-10-18,"",cmj,1,0,2.955,414.008276492524,408.165188869653,822.173465362178,Unweighting
2021-10-18,"",cmj,1,0,2.956,414.451672825257,408.115957427991,822.567630253248,Unweighting
2021-10-18,"",cmj,1,0,2.957,414.882608939697,408.062174065013,822.94478300471,Unweighting
2021-10-18,"",cmj,1,0,2.958,415.298077695322,408.003234916505,823.301312611826,Unweighting
2021-10-18,"",cmj,1,0,2.959,415.695073094572,407.938460505338,823.63353359991,Unweighting
2021-10-18,"",cmj,1,0,2.96,416.070865013764,407.867083422333,823.937948436097,Unweighting
2021-10-18,"",cmj,1,0,2.961,416.42317992747,407.788232617127,824.211412544597,Unweighting
2021-10-18,"",cmj,1,0,2.962,416.750271679733,407.700918037508,824.451189717241,Unweighting
2021-10-18,"",cmj,1,0,2.963,417.050890154286,407.604017599122,824.654907753408,Unweighting
2021-10-18,"",cmj,1,0,2.964,417.324172474513,407.496264472292,824.820436946805,Unweighting
2021-10-18,"",cmj,1,0,2.965,417.569491630969,407.376233089229,824.945724720198,Unweighting
2021-10-18,"",cmj,1,0,2.966,417.786301398727,407.242327875563,825.02862927429,Unweighting
2021-10-18,"",cmj,1,0,2.967,417.974011479573,407.092783103754,825.066794583326,Unweighting
2021-10-18,"",cmj,1,0,2.968,418.131913146724,406.925679599162,825.057592745887,Unweighting
2021-10-18,"",cmj,1,0,2.969,418.259158420618,406.738976058779,824.998134479397,Unweighting
2021-10-18,"",cmj,1,0,2.97,418.354781372629,406.530546862879,824.885328235508,Unweighting
2021-10-18,"",cmj,1,0,2.971,418.417743047997,406.298219675255,824.715962723252,Unweighting
2021-10-18,"",cmj,1,0,2.972,418.446982710689,406.039813280198,824.486795990887,Unweighting
2021-10-18,"",cmj,1,0,2.973,418.441464610424,405.75318296256,824.194647572984,Unweighting
2021-10-18,"",cmj,1,0,2.974,418.400217019716,405.436282320685,823.836499340401,Unweighting
2021-10-18,"",cmj,1,0,2.975,418.322366422234,405.087246290808,823.409612713042,Unweighting
2021-10-18,"",cmj,1,0,2.976,418.207172424347,404.704493608965,822.911666033312,Unweighting
2021-10-18,"",cmj,1,0,2.977,418.054066067923,404.286841272252,822.340907340176,Unweighting
2021-10-18,"",cmj,1,0,2.978,417.86268788313,403.833619914488,821.696307797617,Unweighting
2021-10-18,"",cmj,1,0,2.979,417.632919076813,403.344777398808,820.977696475622,Unweighting
2021-10-18,"",cmj,1,0,2.98,417.364902966279,402.820958949438,820.185861915717,Unweighting
2021-10-18,"",cmj,1,0,2.981,417.059059519776,402.263555572395,819.322615092171,Unweighting
2021-10-18,"",cmj,1,0,2.982,416.716098029077,401.674715225946,818.390813255024,Unweighting
2021-10-18,"",cmj,1,0,2.983,416.337030835793,401.05731040555,817.394341241343,Unweighting
2021-10-18,"",cmj,1,0,2.984,415.923186455563,400.414854667661,816.338041123224,Unweighting
2021-10-18,"",cmj,1,0,2.985,415.47621511956,399.751365582228,815.227580701788,Unweighting
2021-10-18,"",cmj,1,0,2.986,414.998076850726,399.071182662026,814.069259512752,Unweighting
2021-10-18,"",cmj,1,0,2.987,414.49100524235,398.378758037486,812.869763279835,Unweighting
2021-10-18,"",cmj,1,0,2.988,413.957447822928,397.6784398559,811.635887678828,Unweighting
2021-10-18,"",cmj,1,0,2.989,413.399989732991,396.974267141756,810.374256874747,Unweighting
2021-10-18,"",cmj,1,0,2.99,412.821267518399,396.269794360287,809.091061878686,Unweighting
2021-10-18,"",cmj,1,0,2.991,412.223878213063,395.567961699964,807.791839913027,Unweighting
2021-10-18,"",cmj,1,0,2.992,411.610290985643,394.871019875232,806.481310860875,Unweighting
2021-10-18,"",cmj,1,0,2.993,410.982772268056,394.180509603038,805.163281871094,Unweighting
2021-10-18,"",cmj,1,0,2.994,410.343333872367,393.49729152377,803.840625396136,Unweighting
2021-10-18,"",cmj,1,0,2.995,409.693706642062,392.821621155993,802.515327798055,Unweighting
2021-10-18,"",cmj,1,0,2.996,409.035335473813,392.15326035661,801.188595830423,Unweighting
2021-10-18,"",cmj,1,0,2.997,408.369388214783,391.491612239767,799.86100045455,Unweighting
2021-10-18,"",cmj,1,0,2.998,407.696769464267,390.835865885398,798.532635349665,Unweighting
2021-10-18,"",cmj,1,0,2.999,407.018129514901,390.185140814671,797.203270329571,Unweighting
2021-10-18,"",cmj,1,0,3,406.33385931373,389.5386237193,795.872483033031,Unweighting
2021-10-18,"",cmj,1,0,3.001,405.64406626335,388.895687976684,794.539754240034,Unweighting
2021-10-18,"",cmj,1,0,3.002,404.948534868098,388.255982010626,793.204516878724,Unweighting
2021-10-18,"",cmj,1,0,3.003,404.246688572829,387.619470497916,791.866159070745,Unweighting
2021-10-18,"",cmj,1,0,3.004,403.537577084375,386.986417897707,790.523994982082,Unweighting
2021-10-18,"",cmj,1,0,3.005,402.819911011496,386.357317568568,789.177228580063,Unweighting
2021-10-18,"",cmj,1,0,3.006,402.092154011369,385.732784918076,787.824938929446,Unweighting
2021-10-18,"",cmj,1,0,3.007,401.352667027802,385.113440319753,786.466107347556,Unweighting
2021-10-18,"",cmj,1,0,3.008,400.599885066257,384.499804828861,785.099689895118,Unweighting
2021-10-18,"",cmj,1,0,3.009,399.832499310054,383.892224476466,783.72472378652,Unweighting
2021-10-18,"",cmj,1,0,3.01,399.049618357955,383.29083149131,782.340449849266,Unweighting
2021-10-18,"",cmj,1,0,3.011,398.250888852455,382.6955427855,780.946431637956,Unweighting
2021-10-18,"",cmj,1,0,3.012,397.436563057996,382.106087046638,779.542650104634,Unweighting
2021-10-18,"",cmj,1,0,3.013,396.607507603608,381.522044483395,778.129552087003,Unweighting
2021-10-18,"",cmj,1,0,3.014,395.765154513878,380.942880535996,776.708035049874,Unweighting
2021-10-18,"",cmj,1,0,3.015,394.911402141458,380.367957259822,775.27935940128,Unweighting
2021-10-18,"",cmj,1,0,3.016,394.048477612895,379.796513256893,773.844990869788,Unweighting
2021-10-18,"",cmj,1,0,3.017,393.178773693691,379.227614184756,772.406387878448,Unweighting
2021-10-18,"",cmj,1,0,3.018,392.304673528017,378.660087490727,770.964761018743,Unweighting
2021-10-18,"",cmj,1,0,3.019,391.428377775051,378.092461382909,769.52083915796,Unweighting
2021-10-18,"",cmj,1,0,3.02,390.551749553455,377.522926011535,768.07467556499,Unweighting
2021-10-18,"",cmj,1,0,3.021,389.676192485293,376.949326612227,766.62551909752,Unweighting
2021-10-18,"",cmj,1,0,3.022,388.802576017005,376.369189870503,765.171765887508,Unweighting
2021-10-18,"",cmj,1,0,3.023,387.931218794802,375.779781199303,763.710999994105,Unweighting
2021-10-18,"",cmj,1,0,3.024,387.061932638279,375.178191857447,762.240124495726,Unweighting
2021-10-18,"",cmj,1,0,3.025,386.194117934199,374.5614559578,760.755573891998,Unweighting
2021-10-18,"",cmj,1,0,3.026,385.32689235839,373.926694830932,759.253587189323,Unweighting
2021-10-18,"",cmj,1,0,3.027,384.459232891964,373.271280871611,757.730513763575,Unweighting
2021-10-18,"",cmj,1,0,3.028,383.590114292037,372.593007048169,756.183121340206,Unweighting
2021-10-18,"",cmj,1,0,3.029,382.718631932589,371.890242880057,754.608874812647,Unweighting
2021-10-18,"",cmj,1,0,3.03,381.844101282004,371.16205548039,753.006156762394,Unweighting
2021-10-18,"",cmj,1,0,3.031,380.966128877185,370.408278378507,751.374407255692,Unweighting
2021-10-18,"",cmj,1,0,3.032,380.084649636378,369.629519741204,749.714169377582,Unweighting
2021-10-18,"",cmj,1,0,3.033,379.199923884909,368.827109782226,748.027033667135,Unweighting
2021-10-18,"",cmj,1,0,3.034,378.312487903794,368.002992927904,746.315480831698,Unweighting
2021-10-18,"",cmj,1,0,3.035,377.423058392034,367.159577505171,744.582635897206,Unweighting
2021-10-18,"",cmj,1,0,3.036,376.532405681699,366.299564857781,742.83197053948,Unweighting
2021-10-18,"",cmj,1,0,3.037,375.641226641029,365.425784007084,741.067010648114,Unweighting
2021-10-18,"",cmj,1,0,3.038,374.750052726503,364.541052044003,739.291104770506,Unweighting
2021-10-18,"",cmj,1,0,3.039,373.859214308077,363.648068132729,737.507282440807,Unweighting
2021-10-18,"",cmj,1,0,3.04,372.968858439107,362.749337362843,735.718195801949,Unweighting
2021-10-18,"",cmj,1,0,3.041,372.079000619357,361.847113021326,733.926113640683,Unweighting
2021-10-18,"",cmj,1,0,3.042,371.189588255341,360.943343385497,732.132931640838,Unweighting
2021-10-18,"",cmj,1,0,3.043,370.300557513919,360.039613216646,730.340170730565,Unweighting
2021-10-18,"",cmj,1,0,3.044,369.411869051468,359.137079243619,728.548948295086,Unweighting
2021-10-18,"",cmj,1,0,3.045,368.523512442399,358.236407827604,726.759920270003,Unweighting
2021-10-18,"",cmj,1,0,3.046,367.635476704738,357.337727705934,724.973204410672,Unweighting
2021-10-18,"",cmj,1,0,3.047,366.74769285334,356.440611191703,723.188304045043,Unweighting
2021-10-18,"",cmj,1,0,3.048,365.859959245372,355.544094632816,721.404053878189,Unweighting
2021-10-18,"",cmj,1,0,3.049,364.971861656664,354.646743917719,719.618605574383,Unweighting
2021-10-18,"",cmj,1,0,3.05,364.08270208922,353.746763755175,717.829465844394,Unweighting
2021-10-18,"",cmj,1,0,3.051,363.191453873479,352.842140052086,716.033593925565,Unweighting
2021-10-18,"",cmj,1,0,3.052,362.296759678653,351.930793708187,714.22755338684,Unweighting
2021-10-18,"",cmj,1,0,3.053,361.396979701193,351.010717163899,712.407696865092,Unweighting
2021-10-18,"",cmj,1,0,3.054,360.490284013106,350.080069565439,710.570353578545,Unweighting
2021-10-18,"",cmj,1,0,3.055,359.574773467082,349.137221905734,708.711995372816,Unweighting
2021-10-18,"",cmj,1,0,3.056,358.648611238485,348.180759247376,706.829370485861,Unweighting
2021-10-18,"",cmj,1,0,3.057,357.710150129584,347.20945375626,704.919603885844,Unweighting
2021-10-18,"",cmj,1,0,3.058,356.758044435511,346.222221690516,702.980266126027,Unweighting
2021-10-18,"",cmj,1,0,3.059,355.791335918628,345.218077108813,701.009413027441,Unweighting
2021-10-18,"",cmj,1,0,3.06,354.809502600679,344.196095850746,699.005598451425,Unweighting
2021-10-18,"",cmj,1,0,3.061,353.812461789909,343.155400679921,696.96786246983,Unweighting
2021-10-18,"",cmj,1,0,3.062,352.800527079574,342.095172181701,694.895699261275,Unweighting
2021-10-18,"",cmj,1,0,3.063,351.774328597339,341.014685007478,692.789013604817,Unweighting
2021-10-18,"",cmj,1,0,3.064,350.734711532295,339.9133676888,690.648079221095,Unweighting
2021-10-18,"",cmj,1,0,3.065,349.6826301414,338.790884663941,688.473514805341,Unweighting
2021-10-18,"",cmj,1,0,3.066,348.61905591268,337.647239419601,686.266295332281,Unweighting
2021-10-18,"",cmj,1,0,3.067,347.544918739264,336.482897080323,684.027815819587,Unweighting
2021-10-18,"",cmj,1,0,3.068,346.461094177674,335.298923250942,681.760017428617,Unweighting
2021-10-18,"",cmj,1,0,3.069,345.368436158928,334.097132997456,679.465569156384,Unweighting
2021-10-18,"",cmj,1,0,3.07,344.267838732397,332.880237819514,677.148076551911,Unweighting
2021-10-18,"",cmj,1,0,3.071,343.160300665813,331.651968509038,674.81226917485,Unweighting
2021-10-18,"",cmj,1,0,3.072,342.046964969417,330.417142654048,672.464107623465,Unweighting
2021-10-18,"",cmj,1,0,3.073,340.929109531995,329.181645991841,670.110755523836,Unweighting
2021-10-18,"",cmj,1,0,3.074,339.808075723681,327.952309970079,667.76038569376,Unweighting
2021-10-18,"",cmj,1,0,3.075,338.685140601059,326.736686626638,665.421827227697,Unweighting
2021-10-18,"",cmj,1,0,3.076,337.561360521894,325.542737384414,663.104097906308,Unweighting
2021-10-18,"",cmj,1,0,3.077,336.43742822831,324.378462393525,660.815890621835,Unweighting
2021-10-18,"",cmj,1,0,3.078,335.313582396294,323.251502427043,658.565084823337,Unweighting
2021-10-18,"",cmj,1,0,3.079,334.189590197295,322.168744487524,656.358334684819,Unweighting
2021-10-18,"",cmj,1,0,3.08,333.06480180897,321.135954950401,654.200756759371,Unweighting
2021-10-18,"",cmj,1,0,3.081,331.938260867079,320.157454618809,652.095715485888,Unweighting
2021-10-18,"",cmj,1,0,3.082,330.808846209503,319.235843390405,650.044689599908,Unweighting
2021-10-18,"",cmj,1,0,3.083,329.675415217343,318.371780022077,648.04719523942,Unweighting
2021-10-18,"",cmj,1,0,3.084,328.536921139152,317.563824019595,646.100745158747,Unweighting
2021-10-18,"",cmj,1,0,3.085,327.392489921116,316.808350335743,644.200840256859,Unweighting
2021-10-18,"",cmj,1,0,3.086,326.241460616852,316.099551362958,642.34101197981,Unweighting
2021-10-18,"",cmj,1,0,3.087,325.083405351936,315.429543042597,640.512948394532,Unweighting
2021-10-18,"",cmj,1,0,3.088,323.918143874972,314.788591494552,638.706735369524,Unweighting
2021-10-18,"",cmj,1,0,3.089,322.745758361288,314.165471348046,636.911229709334,Unweighting
2021-10-18,"",cmj,1,0,3.09,321.566604592007,313.547954278273,635.11455887028,Unweighting
2021-10-18,"",cmj,1,0,3.091,320.381310751632,312.923405704742,633.304716456374,Unweighting
2021-10-18,"",cmj,1,0,3.092,319.190755947744,312.279443965828,631.470199913572,Unweighting
2021-10-18,"",cmj,1,0,3.093,317.996025776827,311.604598975832,629.600624752658,Unweighting
2021-10-18,"",cmj,1,0,3.094,316.798347549795,310.888904852091,627.687252401886,Unweighting
2021-10-18,"",cmj,1,0,3.095,315.599008539952,310.124373917917,625.723382457869,Unweighting
2021-10-18,"",cmj,1,0,3.096,314.399256993469,309.305320505414,623.704577498883,Unweighting
2021-10-18,"",cmj,1,0,3.097,313.200183102759,308.42852368639,621.628706789149,Unweighting
2021-10-18,"",cmj,1,0,3.098,312.00258119908,307.493233881555,619.495815080635,Unweighting
2021-10-18,"",cmj,1,0,3.099,310.806804825702,306.501038033556,617.307842859258,Unweighting
2021-10-18,"",cmj,1,0,3.1,309.612636049199,305.45560296966,615.068239018859,Unweighting
2021-10-18,"",cmj,1,0,3.101,308.41919158156,304.362319423125,612.781511004685,Unweighting
2021-10-18,"",cmj,1,0,3.102,307.224880316653,303.227870687893,610.452751004546,Unweighting
2021-10-18,"",cmj,1,0,3.103,306.027416124942,302.059749073087,608.087165198029,Unweighting
2021-10-18,"",cmj,1,0,3.104,304.823882553689,300.865742532426,605.689625086115,Unweighting
2021-10-18,"",cmj,1,0,3.105,303.610843868104,299.653418353088,603.264262221192,Unweighting
2021-10-18,"",cmj,1,0,3.106,302.38449651943,298.429641142895,600.814137662325,Unweighting
2021-10-18,"",cmj,1,0,3.107,301.140852090374,297.20017115448,598.341023244854,Unweighting
2021-10-18,"",cmj,1,0,3.108,299.875936774448,295.969387320024,595.845324094472,Unweighting
2021-10-18,"",cmj,1,0,3.109,298.585989946363,294.740164354073,593.326154300436,Unweighting
2021-10-18,"",cmj,1,0,3.11,297.267649602196,293.513909473856,590.781559076052,Unweighting
2021-10-18,"",cmj,1,0,3.111,295.918118691803,292.290740531997,588.2088592238,Unweighting
2021-10-18,"",cmj,1,0,3.112,294.53530465929,291.069771348385,585.605076007676,Unweighting
2021-10-18,"",cmj,1,0,3.113,293.117916999734,289.849463394931,582.967380394665,Unweighting
2021-10-18,"",cmj,1,0,3.114,291.665504119642,288.628002711543,580.293506831185,Unweighting
2021-10-18,"",cmj,1,0,3.115,290.178416465823,287.403664689539,577.582081155362,Unweighting
2021-10-18,"",cmj,1,0,3.116,288.657695643984,286.175136453467,574.832832097451,Unweighting
2021-10-18,"",cmj,1,0,3.117,287.104903898161,284.941776094073,572.046679992234,Unweighting
2021-10-18,"",cmj,1,0,3.118,285.521919145748,283.703798807923,569.225717953671,Unweighting
2021-10-18,"",cmj,1,0,3.119,283.910723679908,282.462390272014,566.373113951923,Unweighting
2021-10-18,"",cmj,1,0,3.12,282.273210394043,281.219754191449,563.492964585492,Unweighting
2021-10-18,"",cmj,1,0,3.121,280.61102442062,279.979101423579,560.590125844199,Unweighting
2021-10-18,"",cmj,1,0,3.122,278.925454927942,278.744583286067,557.670038214008,Unweighting
2021-10-18,"",cmj,1,0,3.123,277.217389353276,277.521166213862,554.738555567138,Unweighting
2021-10-18,"",cmj,1,0,3.124,275.487335372262,276.314444191851,551.801779564113,Unweighting
2021-10-18,"",cmj,1,0,3.125,273.735505486128,275.130390756733,548.865896242861,Unweighting
2021-10-18,"",cmj,1,0,3.126,271.96195237544,273.975060525519,545.937012900959,Unweighting
2021-10-18,"",cmj,1,0,3.127,270.166743254143,272.854257673459,543.021000927602,Unweighting
2021-10-18,"",cmj,1,0,3.128,268.350163458126,271.773194344863,540.123357802989,Unweighting
2021-10-18,"",cmj,1,0,3.129,266.512936865056,270.736164594308,537.249101459364,Unweighting
2021-10-18,"",cmj,1,0,3.13,264.656441857075,269.746257781456,534.402699638531,Unweighting
2021-10-18,"",cmj,1,0,3.131,262.782890359769,268.805130014165,531.588020373934,Unweighting
2021-10-18,"",cmj,1,0,3.132,260.895430882093,267.912846280375,528.808277162468,Unweighting
2021-10-18,"",cmj,1,0,3.133,258.998141147697,267.06780273923,526.065943886927,Unweighting
2021-10-18,"",cmj,1,0,3.134,257.095894543736,266.266739193092,523.362633736829,Unweighting
2021-10-18,"",cmj,1,0,3.135,255.194112699198,265.504852602231,520.698965301429,Unweighting
2021-10-18,"",cmj,1,0,3.136,253.29844358818,264.776017959905,518.074461548086,Unweighting
2021-10-18,"",cmj,1,0,3.137,251.414419733734,264.073110450635,515.48753018437,Unweighting
2021-10-18,"",cmj,1,0,3.138,249.547148601239,263.388406230082,512.935554831322,Unweighting
2021-10-18,"",cmj,1,0,3.139,247.701069566018,262.714025245886,510.415094811904,Unweighting
2021-10-18,"",cmj,1,0,3.14,245.879788494303,262.042373388193,507.922161882495,Unweighting
2021-10-18,"",cmj,1,0,3.141,244.085983201065,261.366544236071,505.452527437137,Unweighting
2021-10-18,"",cmj,1,0,3.142,242.32136725618,260.680650921889,503.002018178069,Unweighting
2021-10-18,"",cmj,1,0,3.143,240.586703663875,259.980072549733,500.566776213607,Unweighting
2021-10-18,"",cmj,1,0,3.144,238.881864645831,259.261612670237,498.143477316068,Unweighting
2021-10-18,"",cmj,1,0,3.145,237.205931558989,258.523575440574,495.729506999563,Unweighting
2021-10-18,"",cmj,1,0,3.146,235.557322855744,257.765767600046,493.323090455791,Unweighting
2021-10-18,"",cmj,1,0,3.147,233.933937754338,256.98943443773,490.923372192068,Unweighting
2021-10-18,"",cmj,1,0,3.148,232.333312445266,256.197137764615,488.530450209881,Unweighting
2021-10-18,"",cmj,1,0,3.149,230.752796647147,255.39258242903,486.145379076177,Unweighting
2021-10-18,"",cmj,1,0,3.15,229.189761031218,254.580394338418,483.770155369636,Unweighting
2021-10-18,"",cmj,1,0,3.151,227.64183737019,253.765849929978,481.407687300168,Unweighting
2021-10-18,"",cmj,1,0,3.152,226.107177890905,252.954559330843,479.061737221748,Unweighting
2021-10-18,"",cmj,1,0,3.153,224.584705299221,252.152114743126,476.736820042347,Unweighting
2021-10-18,"",cmj,1,0,3.154,223.074316301814,251.363726404385,474.438042706199,Unweighting
2021-10-18,"",cmj,1,0,3.155,221.577003132952,250.593873238502,472.170876371454,Unweighting
2021-10-18,"",cmj,1,0,3.156,220.094869205277,249.845993373422,469.940862578699,Unweighting
2021-10-18,"",cmj,1,0,3.157,218.631031421436,249.122236320214,467.75326774165,Unweighting
2021-10-18,"",cmj,1,0,3.158,217.18941807111,248.42329657643,465.61271464754,Unweighting
2021-10-18,"",cmj,1,0,3.159,215.774485797411,247.748345587535,463.522831384947,Unweighting
2021-10-18,"",cmj,1,0,3.16,214.390889829717,247.095072588231,461.485962417948,Unweighting
2021-10-18,"",cmj,1,0,3.161,213.043145634721,246.459835067663,459.502980702384,Unweighting
2021-10-18,"",cmj,1,0,3.162,211.735317242595,245.837909427341,457.573226669936,Unweighting
2021-10-18,"",cmj,1,0,3.163,210.470760976003,245.223824048982,455.694585024985,Unweighting
2021-10-18,"",cmj,1,0,3.164,209.25194627141,244.611749337384,453.863695608794,Unweighting
2021-10-18,"",cmj,1,0,3.165,208.080368167073,243.995910621183,452.076278788256,Unweighting
2021-10-18,"",cmj,1,0,3.166,206.956557230849,243.370982374025,450.327539604874,Unweighting
2021-10-18,"",cmj,1,0,3.167,205.880182083017,242.73242181135,448.612603894366,Unweighting
2021-10-18,"",cmj,1,0,3.168,204.850229567336,242.076709954143,446.926939521479,Unweighting
2021-10-18,"",cmj,1,0,3.169,203.865238835817,241.401485647553,445.26672448337,Unweighting
2021-10-18,"",cmj,1,0,3.17,202.923556739119,240.705575716456,443.629132455575,Unweighting
2021-10-18,"",cmj,1,0,3.171,202.023575163365,239.98893720772,442.012512371085,Unweighting
2021-10-18,"",cmj,1,0,3.172,201.163913187537,239.252534173237,440.416447360774,Unweighting
2021-10-18,"",cmj,1,0,3.173,200.343521389125,238.498172971483,438.841694360608,Unweighting
2021-10-18,"",cmj,1,0,3.174,199.561706357966,237.728319377572,437.290025735538,Unweighting
2021-10-18,"",cmj,1,0,3.175,198.818090602367,236.945919184482,435.764009786848,Unweighting
2021-10-18,"",cmj,1,0,3.176,198.112530999987,236.154238653907,434.266769653893,Unweighting
2021-10-18,"",cmj,1,0,3.177,197.44501875713,235.356730101886,432.801748859016,Unweighting
2021-10-18,"",cmj,1,0,3.178,196.81558005904,234.556916242416,431.372496301457,Unweighting
2021-10-18,"",cmj,1,0,3.179,196.224193450904,233.758282755122,429.982476206026,Unweighting
2021-10-18,"",cmj,1,0,3.18,195.670738091744,232.964173691114,428.634911782858,Unweighting
2021-10-18,"",cmj,1,0,3.181,195.15498246239,232.177693720718,427.332676183107,Unweighting
2021-10-18,"",cmj,1,0,3.182,194.676611382636,231.401628513553,426.078239896189,Unweighting
2021-10-18,"",cmj,1,0,3.183,194.235272202591,230.638395117233,424.873667319825,Unweighting
2021-10-18,"",cmj,1,0,3.184,193.830609021444,229.890027111955,423.720636133399,Unweighting
2021-10-18,"",cmj,1,0,3.185,193.462256447192,229.158189651388,422.62044609858,Unweighting
2021-10-18,"",cmj,1,0,3.186,193.129780646357,228.444215482637,421.573996128994,Unweighting
2021-10-18,"",cmj,1,0,3.187,192.832575998417,227.749157663485,420.581733661902,Unweighting
2021-10-18,"",cmj,1,0,3.188,192.569743068474,227.073861891694,419.643604960168,Unweighting
2021-10-18,"",cmj,1,0,3.189,192.339983620562,226.41906221133,418.759045831892,Unweighting
2021-10-18,"",cmj,1,0,3.19,192.141546582148,225.785495769856,417.927042352003,Unweighting
2021-10-18,"",cmj,1,0,3.191,191.97224384552,225.174021147034,417.146264992553,Unweighting
2021-10-18,"",cmj,1,0,3.192,191.829532968489,224.585718366966,416.415251335455,Unweighting
2021-10-18,"",cmj,1,0,3.193,191.710646141971,224.021949767074,415.732595909046,Unweighting
2021-10-18,"",cmj,1,0,3.194,191.612739045602,223.484367672244,415.097106717845,Unweighting
2021-10-18,"",cmj,1,0,3.195,191.533039263218,222.974865246133,414.507904509351,Unweighting
2021-10-18,"",cmj,1,0,3.196,191.468984589692,222.495478798848,413.96446338854,Unweighting
2021-10-18,"",cmj,1,0,3.197,191.418349467604,222.048259748047,413.466609215651,Unweighting
2021-10-18,"",cmj,1,0,3.198,191.379360983176,221.635139313338,413.014500296514,Unweighting
2021-10-18,"",cmj,1,0,3.199,191.350805698255,221.257808138179,412.608613836433,Unweighting
2021-10-18,"",cmj,1,0,3.2,191.33212641762,220.917628025554,412.249754443174,Unweighting
2021-10-18,"",cmj,1,0,3.201,191.323505803935,220.615586997542,411.939092801478,Unweighting
2021-10-18,"",cmj,1,0,3.202,191.325933483323,220.352303706443,411.678237189766,Unweighting
2021-10-18,"",cmj,1,0,3.203,191.341253341871,220.128080534857,411.469333876729,Unweighting
2021-10-18,"",cmj,1,0,3.204,191.372184463559,219.942993977831,411.31517844139,Unweighting
2021-10-18,"",cmj,1,0,3.205,191.422302726003,219.796999953644,411.219302679648,Unweighting
2021-10-18,"",cmj,1,0,3.206,191.495965333173,219.690028344491,411.185993677665,Unweighting
2021-10-18,"",cmj,1,0,3.207,191.59816201803,219.622047528777,411.220209546808,Unweighting
2021-10-18,"",cmj,1,0,3.208,191.734285005767,219.593090647506,411.327375653273,Unweighting
2021-10-18,"",cmj,1,0,3.209,191.909823515698,219.603245419658,411.513068935356,Unweighting
2021-10-18,"",cmj,1,0,3.21,192.130004832146,219.652616895251,411.782621727396,Unweighting
2021-10-18,"",cmj,1,0,3.211,192.399417152499,219.741277065392,412.140694217891,Unweighting
2021-10-18,"",cmj,1,0,3.212,192.721652195828,219.869215357471,412.590867553299,Unweighting
2021-10-18,"",cmj,1,0,3.213,193.098996105882,220.036299439205,413.135295545088,Unweighting
2021-10-18,"",cmj,1,0,3.214,193.532183460929,220.242249427104,413.774432888032,Unweighting
2021-10-18,"",cmj,1,0,3.215,194.020221314848,220.486625660245,414.506846975093,Unweighting
2021-10-18,"",cmj,1,0,3.216,194.560290196691,220.76883302517,415.329123221862,Unweighting
2021-10-18,"",cmj,1,0,3.217,195.147732015685,221.088149919312,416.235881934996,Unweighting
2021-10-18,"",cmj,1,0,3.218,195.776136075311,221.443791457686,417.219927532996,Unweighting
2021-10-18,"",cmj,1,0,3.219,196.437531041313,221.835011969837,418.272543011149,Unweighting
2021-10-18,"",cmj,1,0,3.22,197.122681435943,222.26124334137,419.383924777314,Unweighting
2021-10-18,"",cmj,1,0,3.221,197.821474345763,222.722256899816,420.54373124558,Unweighting
2021-10-18,"",cmj,1,0,3.222,198.523371117761,223.218329988221,421.741701105982,Unweighting
2021-10-18,"",cmj,1,0,3.223,199.217893517584,223.750397016129,422.968290533713,Unweighting
2021-10-18,"",cmj,1,0,3.224,199.89511216895,224.320171164817,424.215283333767,Unweighting
2021-10-18,"",cmj,1,0,3.225,200.546102896298,224.930233700649,425.476336596947,Unweighting
2021-10-18,"",cmj,1,0,3.226,201.16333402375,225.584093425721,426.747427449471,Unweighting
2021-10-18,"",cmj,1,0,3.227,201.740950738072,226.286213940915,428.027164678986,Unweighting
2021-10-18,"",cmj,1,0,3.228,202.274936397761,227.041996664215,429.316933061976,Unweighting
2021-10-18,"",cmj,1,0,3.229,202.763151488827,227.857700631775,430.620852120602,Unweighting
2021-10-18,"",cmj,1,0,3.23,203.205268194839,228.740277233561,431.9455454284,Unweighting
2021-10-18,"",cmj,1,0,3.231,203.602625082029,229.697098994003,433.299724076032,Unweighting
2021-10-18,"",cmj,1,0,3.232,203.958023588894,230.735570950537,434.693594539432,Unweighting
2021-10-18,"",cmj,1,0,3.233,204.275481691685,231.862634100124,436.138115791809,Unweighting
2021-10-18,"",cmj,1,0,3.234,204.559955705699,233.084195680932,437.64415138663,Unweighting
2021-10-18,"",cmj,1,0,3.235,204.817040926106,234.40453890269,439.221579828796,Unweighting
2021-10-18,"",cmj,1,0,3.236,205.052663363962,235.825769829472,440.878433193433,Unweighting
2021-10-18,"",cmj,1,0,3.237,205.272774440772,237.347353922846,442.620128363618,Unweighting
2021-10-18,"",cmj,1,0,3.238,205.48305799477,238.965783485176,444.448841479945,Unweighting
2021-10-18,"",cmj,1,0,3.239,205.688657478619,240.67440339942,446.363060878038,Unweighting
2021-10-18,"",cmj,1,0,3.24,205.893933515022,242.463409666046,448.357343181067,Unweighting
2021-10-18,"",cmj,1,0,3.241,206.102267456174,244.320025660057,450.422293116232,Unweighting
2021-10-18,"",cmj,1,0,3.242,206.315930569185,246.228853994191,452.544784563376,Unweighting
2021-10-18,"",cmj,1,0,3.243,206.536035930973,248.172394115179,454.708430046152,Unweighting
2021-10-18,"",cmj,1,0,3.244,206.76258160816,250.131704900746,456.894286508906,Unweighting
2021-10-18,"",cmj,1,0,3.245,206.994584033016,252.087179247536,459.081763280552,Unweighting
2021-10-18,"",cmj,1,0,3.246,207.23029199541,254.01938829592,461.24968029133,Unweighting
2021-10-18,"",cmj,1,0,3.247,207.467463128567,255.909948008429,463.377411136996,Unweighting
2021-10-18,"",cmj,1,0,3.248,207.703675870106,257.742357903241,465.446033773347,Unweighting
2021-10-18,"",cmj,1,0,3.249,207.936643181228,259.502760024781,467.43940320601,Unweighting
2021-10-18,"",cmj,1,0,3.25,208.164493846693,261.180568031072,469.345061877765,Unweighting
2021-10-18,"",cmj,1,0,3.251,208.385995780397,262.768922652343,471.154918432741,Unweighting
2021-10-18,"",cmj,1,0,3.252,208.600711292974,264.264939619755,472.865650912729,Unweighting
2021-10-18,"",cmj,1,0,3.253,208.809089622572,265.669729798684,474.478819421256,Unweighting
2021-10-18,"",cmj,1,0,3.254,209.012510924092,266.988191063914,476.000701988006,Unweighting
2021-10-18,"",cmj,1,0,3.255,209.213297095411,268.228597635637,477.441894731047,Unweighting
2021-10-18,"",cmj,1,0,3.256,209.414700701233,269.402039170709,478.816739871942,Unweighting
2021-10-18,"",cmj,1,0,3.257,209.620877616923,270.521778578417,480.142656195339,Unweighting
2021-10-18,"",cmj,1,0,3.258,209.836844643811,271.602597393818,481.439442037629,Unweighting
2021-10-18,"",cmj,1,0,3.259,210.068419649396,272.660182534613,482.72860218401,Unweighting
2021-10-18,"",cmj,1,0,3.26,210.322136717872,273.710586680983,484.032723398856,Unweighting
2021-10-18,"",cmj,1,0,3.261,210.605123324661,274.769774769233,485.374898093894,Unweighting
2021-10-18,"",cmj,1,0,3.262,210.924924518708,275.853255711597,486.778180230305,Unweighting
2021-10-18,"",cmj,1,0,3.263,211.289263080126,276.975791234892,488.265054315018,Unweighting
2021-10-18,"",cmj,1,0,3.264,211.705733725281,278.151169312744,489.856903038025,Unweighting
2021-10-18,"",cmj,1,0,3.265,212.181440744438,279.392024866286,491.573465610724,Unweighting
2021-10-18,"",cmj,1,0,3.266,212.722599359444,280.709685529985,493.432284889429,Unweighting
2021-10-18,"",cmj,1,0,3.267,213.334129599258,282.114019206078,495.448148805336,Unweighting
2021-10-18,"",cmj,1,0,3.268,214.01927522672,283.613265716309,497.632540943029,Unweighting
2021-10-18,"",cmj,1,0,3.269,214.779277719241,285.213845801237,499.993123520478,Unweighting
2021-10-18,"",cmj,1,0,3.27,215.613129013434,286.920154743378,502.533283756812,Unweighting
2021-10-18,"",cmj,1,0,3.271,216.517421935249,288.734363729983,505.251785665232,Unweighting
2021-10-18,"",cmj,1,0,3.272,217.486316495367,290.656266104369,508.142582599736,Unweighting
2021-10-18,"",cmj,1,0,3.273,218.511640838614,292.683212458789,511.194853297404,Unweighting
2021-10-18,"",cmj,1,0,3.274,219.583141888967,294.810176808994,514.393318697962,Unweighting
2021-10-18,"",cmj,1,0,3.275,220.688888258873,297.029988802533,517.718877061406,Unweighting
2021-10-18,"",cmj,1,0,3.276,221.81580831987,299.333755298041,521.149563617912,Unweighting
2021-10-18,"",cmj,1,0,3.277,222.95032674022,301.711477979352,524.661804719572,Unweighting
2021-10-18,"",cmj,1,0,3.278,224.079049650569,304.152854243461,528.231903894029,Unweighting
2021-10-18,"",cmj,1,0,3.279,225.189442223727,306.648231067735,531.837673291462,Unweighting
2021-10-18,"",cmj,1,0,3.28,226.270440443118,309.189666419629,535.460106862746,Unweighting
2021-10-18,"",cmj,1,0,3.281,227.312942259382,311.772035277538,539.084977536921,Unweighting
2021-10-18,"",cmj,1,0,3.282,228.310135799455,314.394095246394,542.704231045849,Unweighting
2021-10-18,"",cmj,1,0,3.283,229.257643776479,317.059406472984,546.317050249463,Unweighting
2021-10-18,"",cmj,1,0,3.284,230.153488836892,319.776992517649,549.930481354541,Unweighting
2021-10-18,"",cmj,1,0,3.285,230.99790761852,322.561638129695,553.559545748214,Unweighting
2021-10-18,"",cmj,1,0,3.286,231.793054712815,325.433743190836,557.226797903651,Unweighting
2021-10-18,"",cmj,1,0,3.287,232.54263684846,328.418681547245,560.961318395705,Unweighting
2021-10-18,"",cmj,1,0,3.288,233.251505744904,331.545643175447,564.79714892035,Unweighting
2021-10-18,"",cmj,1,0,3.289,233.925225044325,334.845970133092,568.771195177416,Unweighting
2021-10-18,"",cmj,1,0,3.29,234.569619702651,338.351039228266,572.920658930917,Unweighting
2021-10-18,"",cmj,1,0,3.291,235.190315756763,342.089801421135,577.280117177897,Unweighting
2021-10-18,"",cmj,1,0,3.292,235.792282364,346.086152423792,581.878434787792,Unweighting
2021-10-18,"",cmj,1,0,3.293,236.37939464657,350.356365170384,586.735759816954,Unweighting
2021-10-18,"",cmj,1,0,3.294,236.954043166609,354.90684591702,591.860889083629,Unweighting
2021-10-18,"",cmj,1,0,3.295,237.51682108027,359.732468763171,597.249289843441,Unweighting
2021-10-18,"",cmj,1,0,3.296,238.066320664529,364.815693938931,602.88201460346,Unweighting
2021-10-18,"",cmj,1,0,3.297,238.599066636172,370.12659123628,608.725657872452,Unweighting
2021-10-18,"",cmj,1,0,3.298,239.109606848826,375.62378867186,614.733395520685,Unweighting
2021-10-18,"",cmj,1,0,3.299,239.590773080972,381.256264310114,620.847037391085,Unweighting
2021-10-18,"",cmj,1,0,3.3,240.03411313102,386.965807383136,626.999920514156,Unweighting
2021-10-18,"",cmj,1,0,3.301,240.430477304721,392.689904871757,633.120382176478,Unweighting
2021-10-18,"",cmj,1,0,3.302,240.770720315288,398.36477589056,639.135496205848,Unweighting
2021-10-18,"",cmj,1,0,3.303,241.046461159133,403.928287849236,644.974749008369,Unweighting
2021-10-18,"",cmj,1,0,3.304,241.250834636435,409.322540631733,650.573375268168,Unweighting
2021-10-18,"",cmj,1,0,3.305,241.379169568485,414.495979136286,655.875148704771,Unweighting
2021-10-18,"",cmj,1,0,3.306,241.429537794113,419.404967525437,660.83450531955,Unweighting
2021-10-18,"",cmj,1,0,3.307,241.403132627204,424.014815935219,665.417948562423,Unweighting
2021-10-18,"",cmj,1,0,3.308,241.304454497805,428.300289714577,669.604744212381,Unweighting
2021-10-18,"",cmj,1,0,3.309,241.141301115615,432.245655441356,673.38695655697,Unweighting
2021-10-18,"",cmj,1,0,3.31,240.924573294572,435.844331127509,676.768904422082,Unweighting
2021-10-18,"",cmj,1,0,3.311,240.667913511925,439.098214992378,679.766128504302,Unweighting
2021-10-18,"",cmj,1,0,3.312,240.387197308585,442.016768917414,682.403966225999,Unweighting
2021-10-18,"",cmj,1,0,3.313,240.099903490974,444.61592579922,684.715829290194,Unweighting
2021-10-18,"",cmj,1,0,3.314,239.82439872117,446.916874908041,686.741273629211,Unweighting
2021-10-18,"",cmj,1,0,3.315,239.579181732823,448.944763408684,688.523945141507,Unweighting
2021-10-18,"",cmj,1,0,3.316,239.382136246298,450.727343314302,690.1094795606,Unweighting
2021-10-18,"",cmj,1,0,3.317,239.249836624839,452.293594887918,691.543431512758,Unweighting
2021-10-18,"",cmj,1,0,3.318,239.196940218786,453.672369530777,692.869309749564,Unweighting
2021-10-18,"",cmj,1,0,3.319,239.235692128513,454.891113401483,694.126805529996,Unweighting
2021-10-18,"",cmj,1,0,3.32,239.375563491618,455.974749210882,695.3503127025,Unweighting
2021-10-18,"",cmj,1,0,3.321,239.623038627731,456.944798914908,696.567837542639,Unweighting
2021-10-18,"",cmj,1,0,3.322,239.98155600108,457.818820238208,697.800376239288,Unweighting
2021-10-18,"",cmj,1,0,3.323,240.45159619983,458.610207834309,699.061804034139,Unweighting
2021-10-18,"",cmj,1,0,3.324,241.030902796896,459.328381212178,700.359284009074,Unweighting
2021-10-18,"",cmj,1,0,3.325,241.714820375752,459.979349260221,701.694169635973,Unweighting
2021-10-18,"",cmj,1,0,3.326,242.496734092928,460.566604957179,703.063339050108,Unweighting
2021-10-18,"",cmj,1,0,3.327,243.368592831434,461.092265669419,704.460858500853,Unweighting
2021-10-18,"",cmj,1,0,3.328,244.321493526549,461.558341457476,705.879834984025,Unweighting
2021-10-18,"",cmj,1,0,3.329,245.346300113489,461.967994504337,707.314294617826,Unweighting
2021-10-18,"",cmj,1,0,3.33,246.434266828495,462.326651236662,708.760918065158,Unweighting
2021-10-18,"",cmj,1,0,3.331,247.577629981868,462.642843344652,710.220473326521,Unweighting
2021-10-18,"",cmj,1,0,3.332,248.770124703435,462.928681300217,711.698806003652,Unweighting
2021-10-18,"",cmj,1,0,3.333,250.007378193109,463.199902376071,713.20728056918,Unweighting
2021-10-18,"",cmj,1,0,3.334,251.287135093699,463.475482281633,714.762617375331,Unweighting
2021-10-18,"",cmj,1,0,3.335,252.609286126543,463.776848438733,716.386134565277,Unweighting
2021-10-18,"",cmj,1,0,3.336,253.975693738302,464.126774082845,718.102467821147,Unweighting
2021-10-18,"",cmj,1,0,3.337,255.389830797349,464.548060146843,719.937890944192,Unweighting
2021-10-18,"",cmj,1,0,3.338,256.856266370371,465.06212613631,721.918392506681,Unweighting
2021-10-18,"",cmj,1,0,3.339,258.380046367311,465.687633115875,724.067679483186,Unweighting
2021-10-18,"",cmj,1,0,3.34,259.966024988659,466.439252710892,726.405277699551,Unweighting
2021-10-18,"",cmj,1,0,3.341,261.618202303174,467.326679332241,728.944881635415,Unweighting
2021-10-18,"",cmj,1,0,3.342,263.339115432901,468.353962836118,731.693078269019,Unweighting
2021-10-18,"",cmj,1,0,3.343,265.129322017771,469.519215614467,734.648537632238,Unweighting
2021-10-18,"",cmj,1,0,3.344,266.987008014707,470.814719235293,737.80172725,Unweighting
2021-10-18,"",cmj,1,0,3.345,268.907744723195,472.227422907635,741.13516763083,Unweighting
2021-10-18,"",cmj,1,0,3.346,270.884409697563,473.739796254115,744.624205951679,Unweighting
2021-10-18,"",cmj,1,0,3.347,272.907274812061,475.330977649276,748.238252461337,Unweighting
2021-10-18,"",cmj,1,0,3.348,274.964255150001,476.97814610942,751.942401259421,Unweighting
2021-10-18,"",cmj,1,0,3.349,277.041304284913,478.658036221622,755.699340506536,Unweighting
2021-10-18,"",cmj,1,0,3.35,279.122932614624,480.348510718075,759.4714433327,Unweighting
2021-10-18,"",cmj,1,0,3.351,281.192815659766,482.030104149089,763.222919808855,Unweighting
2021-10-18,"",cmj,1,0,3.352,283.234452466602,483.687451979258,766.92190444586,Unweighting
2021-10-18,"",cmj,1,0,3.353,285.231835011682,485.310518967393,770.542353979075,Unweighting
2021-10-18,"",cmj,1,0,3.354,287.170097629002,486.895538126413,774.065635755415,Unweighting
2021-10-18,"",cmj,1,0,3.355,289.036125013455,488.445571893323,777.481696906778,Unweighting
2021-10-18,"",cmj,1,0,3.356,290.819101944131,489.970618426494,780.789720370625,Unweighting
2021-10-18,"",cmj,1,0,3.357,292.510985482284,491.487212756606,783.99819823889,Unweighting
2021-10-18,"",cmj,1,0,3.358,294.106873253916,493.017512344029,787.124385597944,Unweighting
2021-10-18,"",cmj,1,0,3.359,295.605234464582,494.587902342281,790.193136806863,Unweighting
2021-10-18,"",cmj,1,0,3.36,297.007969494255,496.227199757695,793.23516925195,Braking
2021-10-18,"",cmj,1,0,3.361,298.320273294226,497.964571187506,796.284844481732,Braking
2021-10-18,"",cmj,1,0,3.362,299.550297307634,499.827303364873,799.377600672506,Braking
2021-10-18,"",cmj,1,0,3.363,300.708631273349,501.8385824885,802.547213761849,Braking
2021-10-18,"",cmj,1,0,3.364,301.80765460674,504.015450780882,805.823105387622,Braking
2021-10-18,"",cmj,1,0,3.365,302.860828059557,506.367113791269,809.227941850826,Braking
2021-10-18,"",cmj,1,0,3.366,303.88200161047,508.893761531321,812.775763141791,Braking
2021-10-18,"",cmj,1,0,3.367,304.884803295164,511.586034655484,816.470837950648,Braking
2021-10-18,"",cmj,1,0,3.368,305.88215227271,514.425213434498,820.307365707208,Braking
2021-10-18,"",cmj,1,0,3.369,306.885915201022,517.38413815501,824.270053356032,Braking
2021-10-18,"",cmj,1,0,3.37,307.90670360865,520.428796362536,828.335499971186,Braking
2021-10-18,"",cmj,1,0,3.371,308.953795046531,523.520448710029,832.47424375656,Braking
2021-10-18,"",cmj,1,0,3.372,310.035153918998,526.618120750418,836.653274669416,Braking
2021-10-18,"",cmj,1,0,3.373,311.157528746225,529.681265514765,840.83879426099,Braking
2021-10-18,"",cmj,1,0,3.374,312.326608338523,532.672399056347,844.99900739487,Braking
2021-10-18,"",cmj,1,0,3.375,313.547224297831,535.559524650055,849.106748947886,Braking
2021-10-18,"",cmj,1,0,3.376,314.823586106027,538.318187183448,853.141773289474,Braking
2021-10-18,"",cmj,1,0,3.377,316.159526956589,540.933034310353,857.092561266942,Braking
2021-10-18,"",cmj,1,0,3.378,317.558727657279,543.398802659224,860.957530316503,Braking
2021-10-18,"",cmj,1,0,3.379,319.024878465219,545.720691591887,864.745570057106,Braking
2021-10-18,"",cmj,1,0,3.38,320.561738963436,547.914127001624,868.47586596506,Braking
2021-10-18,"",cmj,1,0,3.381,322.173065503836,550.003948742775,872.177014246611,Braking
2021-10-18,"",cmj,1,0,3.382,323.862393416007,552.023078670939,875.885472086945,Braking
2021-10-18,"",cmj,1,0,3.383,325.632684554267,554.010745558906,879.643430113173,Braking
2021-10-18,"",cmj,1,0,3.384,327.485875919422,556.010359302415,883.496235221837,Braking
2021-10-18,"",cmj,1,0,3.385,329.422387150508,558.06713951244,887.489526662948,Braking
2021-10-18,"",cmj,1,0,3.386,331.440659385371,560.225614951629,891.666274337,Braking
2021-10-18,"",cmj,1,0,3.387,333.536802889636,562.527123229429,896.063926119065,Braking
2021-10-18,"",cmj,1,0,3.388,335.704424325151,565.007453630511,900.711877955662,Braking
2021-10-18,"",cmj,1,0,3.389,337.934686347992,567.694783725593,905.629470073585,Braking
2021-10-18,"",cmj,1,0,3.39,340.216626285,570.608054823823,910.824681108822,Braking
2021-10-18,"",cmj,1,0,3.391,342.537733567175,573.755908298889,916.293641866063,Braking
2021-10-18,"",cmj,1,0,3.392,344.884760816819,577.136266562126,922.021027378945,Braking
2021-10-18,"",cmj,1,0,3.393,347.244718119502,580.736594936529,927.981313056031,Braking
2021-10-18,"",cmj,1,0,3.394,349.605968820485,584.534828026107,934.140796846592,Braking
2021-10-18,"",cmj,1,0,3.395,351.959308621526,588.500887463063,940.460196084588,Braking
2021-10-18,"",cmj,1,0,3.396,354.298879278063,592.598661781189,946.897541059252,Braking
2021-10-18,"",cmj,1,0,3.397,356.622762090484,596.788275896459,953.411037986943,Braking
2021-10-18,"",cmj,1,0,3.398,358.933127822384,601.028459568457,959.961587390841,Braking
2021-10-18,"",cmj,1,0,3.399,361.235887882866,605.278833808953,966.514721691819,Braking
2021-10-18,"",cmj,1,0,3.4,363.539881759666,609.501964770229,973.041846529895,Braking
2021-10-18,"",cmj,1,0,3.401,365.855724237128,613.665076009893,979.520800247021,Braking
2021-10-18,"",cmj,1,0,3.402,368.194498945475,617.741351727507,985.935850672982,Braking
2021-10-18,"",cmj,1,0,3.403,370.566506666677,621.710797716701,992.277304383377,Braking
2021-10-18,"",cmj,1,0,3.404,372.980254392919,625.560652056141,998.54090644906,Braking
2021-10-18,"",cmj,1,0,3.405,375.441812891508,629.285359296534,1004.72717218804,Braking
2021-10-18,"",cmj,1,0,3.406,377.954592884186,632.886145813587,1010.84073869777,Braking
2021-10-18,"",cmj,1,0,3.407,380.51951144342,636.37025898704,1016.88977043046,Braking
2021-10-18,"",cmj,1,0,3.408,383.135457221494,639.749951056323,1022.88540827782,Braking
2021-10-18,"",cmj,1,0,3.409,385.79992744345,643.041293302141,1028.84122074559,Braking
2021-10-18,"",cmj,1,0,3.41,388.509705198725,646.262899085984,1034.77260428471,Braking
2021-10-18,"",cmj,1,0,3.411,391.261468112909,649.434622934181,1040.69609104709,Braking
2021-10-18,"",cmj,1,0,3.412,394.052260134947,652.576294131686,1046.62855426663,Braking
2021-10-18,"",cmj,1,0,3.413,396.879805447013,655.706538911665,1052.58634435868,Braking
2021-10-18,"",cmj,1,0,3.414,399.742683934221,658.841742506856,1058.58442644108,Braking
2021-10-18,"",cmj,1,0,3.415,402.640411664861,661.995196726501,1064.63560839136,Braking
2021-10-18,"",cmj,1,0,3.416,405.573476148896,665.176468523972,1070.74994467287,Braking
2021-10-18,"",cmj,1,0,3.417,408.543367685943,668.391013722207,1076.93438140815,Braking
2021-10-18,"",cmj,1,0,3.418,411.552627774476,671.640053120315,1083.19268089479,Braking
2021-10-18,"",cmj,1,0,3.419,414.60490804434,674.920725681671,1089.52563372601,Braking
2021-10-18,"",cmj,1,0,3.42,417.705006979472,678.226528062033,1095.93153504151,Braking
2021-10-18,"",cmj,1,0,3.421,420.858836246938,681.548033241522,1102.40686948846,Braking
2021-10-18,"",cmj,1,0,3.422,424.073269583039,684.873853059868,1108.94712264291,Braking
2021-10-18,"",cmj,1,0,3.423,427.355845188362,688.191779072006,1115.54762426037,Braking
2021-10-18,"",cmj,1,0,3.424,430.714322281323,691.49001443384,1122.20433671516,Braking
2021-10-18,"",cmj,1,0,3.425,434.15612520605,694.758400675803,1128.91452588185,Braking
2021-10-18,"",cmj,1,0,3.426,437.687736887616,697.989543798041,1135.67728068566,Braking
2021-10-18,"",cmj,1,0,3.427,441.314123412276,701.1797496927,1142.49387310498,Braking
2021-10-18,"",cmj,1,0,3.428,445.038278734288,704.329689260373,1149.36796799466,Braking
2021-10-18,"",cmj,1,0,3.429,448.860967004811,707.444731872414,1156.30569887723,Braking
2021-10-18,"",cmj,1,0,3.43,452.780707507685,710.534913397864,1163.31562090555,Braking
2021-10-18,"",cmj,1,0,3.431,456.794000195346,713.614538011583,1170.40853820693,Braking
2021-10-18,"",cmj,1,0,3.432,460.895742676912,716.701445271028,1177.59718794794,Braking
2021-10-18,"",cmj,1,0,3.433,465.07975780555,719.816002215364,1184.89576002091,Braking
2021-10-18,"",cmj,1,0,3.434,469.3393437224,722.979902484043,1192.31924620644,Braking
2021-10-18,"",cmj,1,0,3.435,473.667774108215,726.214864935975,1199.88263904419,Braking
2021-10-18,"",cmj,1,0,3.436,478.058706066185,729.541318740375,1207.60002480656,Braking
2021-10-18,"",cmj,1,0,3.437,482.506484141683,732.977147321303,1215.48363146299,Braking
2021-10-18,"",cmj,1,0,3.438,487.00635158013,736.536552460063,1223.54290404019,Braking
2021-10-18,"",cmj,1,0,3.439,491.554588420453,740.229096515474,1231.78368493593,Braking
2021-10-18,"",cmj,1,0,3.44,496.148589286943,744.058980085659,1240.2075693726,Braking
2021-10-18,"",cmj,1,0,3.441,500.786878387905,748.024608988296,1248.8114873762,Braking
2021-10-18,"",cmj,1,0,3.442,505.469048115815,752.118495125876,1257.58754324169,Braking
2021-10-18,"",cmj,1,0,3.443,510.195608199088,756.327518601376,1266.52312680046,Braking
2021-10-18,"",cmj,1,0,3.444,514.96774035576,760.63355370361,1275.60129405937,Braking
2021-10-18,"",cmj,1,0,3.445,519.786961940851,765.014433847723,1284.80139578857,Braking
2021-10-18,"",cmj,1,0,3.446,524.654710655324,769.44520631898,1294.0999169743,Braking
2021-10-18,"",cmj,1,0,3.447,529.571874370364,773.899607524638,1303.471481895,Braking
2021-10-18,"",cmj,1,0,3.448,534.538305739972,778.351668666041,1312.88997440601,Braking
2021-10-18,"",cmj,1,0,3.449,539.552374643078,782.777338056572,1322.32971269965,Braking
2021-10-18,"",cmj,1,0,3.45,544.610613786342,787.155985370251,1331.76659915659,Braking
2021-10-18,"",cmj,1,0,3.451,549.707499595422,791.471645608387,1341.17914520381,Braking
2021-10-18,"",cmj,1,0,3.452,554.835386802904,795.713875491041,1350.54926229395,Braking
2021-10-18,"",cmj,1,0,3.453,559.98459183999,799.878133494484,1359.86272533447,Braking
2021-10-18,"",cmj,1,0,3.454,565.14360514655,803.965649491482,1369.10925463803,Braking
2021-10-18,"",cmj,1,0,3.455,570.299406018632,807.982810171073,1378.2822161897,Braking
2021-10-18,"",cmj,1,0,3.456,575.437851912588,811.940142335182,1387.37799424777,Braking
2021-10-18,"",cmj,1,0,3.457,580.544114971418,815.851018809259,1396.39513378068,Braking
2021-10-18,"",cmj,1,0,3.458,585.603142042122,819.73023276034,1405.33337480246,Braking
2021-10-18,"",cmj,1,0,3.459,590.600120844536,823.592581283923,1414.19270212846,Braking
2021-10-18,"",cmj,1,0,3.46,595.520942147601,827.451571610541,1422.97251375814,Braking
2021-10-18,"",cmj,1,0,3.461,600.352651886248,831.318324728854,1431.6709766151,Braking
2021-10-18,"",cmj,1,0,3.462,605.083885957194,835.200716480139,1440.28460243733,Braking
2021-10-18,"",cmj,1,0,3.463,609.705275246206,839.102775184515,1448.80805043072,Braking
2021-10-18,"",cmj,1,0,3.464,614.209801611911,843.024346225496,1457.23414783741,Braking
2021-10-18,"",cmj,1,0,3.465,618.593078321101,846.961028400358,1465.55410672146,Braking
2021-10-18,"",cmj,1,0,3.466,622.853521738343,850.904377699672,1473.75789943801,Braking
2021-10-18,"",cmj,1,0,3.467,626.992377427746,854.842361561809,1481.83473898956,Braking
2021-10-18,"",cmj,1,0,3.468,631.013567584365,858.76003236156,1489.77359994593,Braking
2021-10-18,"",cmj,1,0,3.469,634.923341506846,862.640374450101,1497.56371595695,Braking
2021-10-18,"",cmj,1,0,3.47,638.729735541959,866.465265840956,1505.19500138291,Braking
2021-10-18,"",cmj,1,0,3.471,642.441877132472,870.216482810891,1512.65835994336,Braking
2021-10-18,"",cmj,1,0,3.472,646.069191399758,873.876662768378,1519.94585416814,Braking
2021-10-18,"",cmj,1,0,3.473,649.620582202854,877.430133550809,1527.05071575366,Braking
2021-10-18,"",cmj,1,0,3.474,653.103660007024,880.863525252331,1533.96718525936,Braking
2021-10-18,"",cmj,1,0,3.475,656.524076957138,884.166108007332,1540.69018496447,Braking
2021-10-18,"",cmj,1,0,3.476,659.88501014531,887.329841442009,1547.21485158732,Braking
2021-10-18,"",cmj,1,0,3.477,663.186815111374,890.349166511264,1553.53598162264,Braking
2021-10-18,"",cmj,1,0,3.478,666.426859948086,893.220602407812,1559.6474623559,Braking
2021-10-18,"",cmj,1,0,3.479,669.599546887104,895.942221224219,1565.54176811132,Braking
2021-10-18,"",cmj,1,0,3.48,672.696527987539,898.513065473664,1571.2095934612,Braking
2021-10-18,"",cmj,1,0,3.481,675.707118490767,900.932560441657,1576.63967893242,Braking
2021-10-18,"",cmj,1,0,3.482,678.618902011293,903.199964654946,1581.81886666624,Braking
2021-10-18,"",cmj,1,0,3.483,681.418505785559,905.313901251824,1586.73240703738,Braking
2021-10-18,"",cmj,1,0,3.484,684.092504154196,907.272017974405,1591.3645221286,Braking
2021-10-18,"",cmj,1,0,3.485,686.62838728758,909.070825486868,1595.69921277445,Braking
2021-10-18,"",cmj,1,0,3.486,689.015512155691,910.705752393059,1599.72126454875,Braking
2021-10-18,"",cmj,1,0,3.487,691.245938582124,912.171426005391,1603.41736458751,Braking
2021-10-18,"",cmj,1,0,3.488,693.315053510785,913.462146703596,1606.77720021438,Braking
2021-10-18,"",cmj,1,0,3.489,695.221907253143,914.572484032665,1609.79439128581,Braking
2021-10-18,"",cmj,1,0,3.49,696.96922338105,915.497898004713,1612.46712138576,Braking
2021-10-18,"",cmj,1,0,3.491,698.563089387117,916.235287693975,1614.79837708109,Braking
2021-10-18,"",cmj,1,0,3.492,700.012377198255,916.783390564477,1616.79576776273,Braking
2021-10-18,"",cmj,1,0,3.493,701.327972500501,917.142990635596,1618.4709631361,Braking
2021-10-18,"",cmj,1,0,3.494,702.521907078522,917.316930070231,1619.83883714875,Braking
2021-10-18,"",cmj,1,0,3.495,703.606491172714,917.309949520205,1620.91644069292,Braking
2021-10-18,"",cmj,1,0,3.496,704.593533984991,917.128402757325,1621.72193674232,Braking
2021-10-18,"",cmj,1,0,3.497,705.493719205279,916.779897352949,1622.27361655823,Braking
2021-10-18,"",cmj,1,0,3.498,706.316172303174,916.272906479473,1622.58907878265,Braking
2021-10-18,"",cmj,1,0,3.499,707.068225569118,915.616382311232,1622.68460788035,Braking
2021-10-18,"",cmj,1,0,3.5,707.755363361735,914.819384381918,1622.57474774365,Braking
2021-10-18,"",cmj,1,0,3.501,708.381316972234,913.890722911208,1622.27203988344,Braking
2021-10-18,"",cmj,1,0,3.502,708.948273300329,912.838614189137,1621.78688748947,Braking
2021-10-18,"",cmj,1,0,3.503,709.457158716206,911.670353007542,1621.12751172375,Braking
2021-10-18,"",cmj,1,0,3.504,709.907956844553,910.392018041805,1620.29997488636,Braking
2021-10-18,"",cmj,1,0,3.505,710.300019219215,909.008231854139,1619.30825107335,Braking
2021-10-18,"",cmj,1,0,3.506,710.63233353421,907.521995188054,1618.15432872226,Braking
2021-10-18,"",cmj,1,0,3.507,710.903724552249,905.934605575898,1616.83833012815,Braking
2021-10-18,"",cmj,1,0,3.508,711.112974899243,904.245654276112,1615.35862917535,Braking
2021-10-18,"",cmj,1,0,3.509,711.25886519303,902.453080145242,1613.71194533827,Braking
2021-10-18,"",cmj,1,0,3.51,711.340144274027,900.553255654933,1611.89339992896,Braking
2021-10-18,"",cmj,1,0,3.511,711.355450497068,898.541093549584,1609.89654404665,Braking
2021-10-18,"",cmj,1,0,3.512,711.303214461564,896.410184313735,1607.7133987753,Braking
2021-10-18,"",cmj,1,0,3.513,711.181581169153,894.152991067087,1605.33457223624,Braking
2021-10-18,"",cmj,1,0,3.514,710.988392022174,891.761131388435,1602.74952341061,Braking
2021-10-18,"",cmj,1,0,3.515,710.721261319216,889.225764325663,1599.94702564488,Braking
2021-10-18,"",cmj,1,0,3.516,710.377769057762,886.538078839459,1596.91584789722,Braking
2021-10-18,"",cmj,1,0,3.517,709.955776383442,883.689851483891,1593.64562786733,Braking
2021-10-18,"",cmj,1,0,3.518,709.453854681013,880.674013044098,1590.12786772511,Propulsion
2021-10-18,"",cmj,1,0,3.519,708.871803575641,877.48514719588,1586.35695077152,Propulsion
2021-10-18,"",cmj,1,0,3.52,708.211217715432,874.119850065656,1582.33106778109,Propulsion
2021-10-18,"",cmj,1,0,3.521,707.476050585202,870.576910402166,1578.05296098737,Propulsion
2021-10-18,"",cmj,1,0,3.522,706.673117789711,866.857316109681,1573.53043389939,Propulsion
2021-10-18,"",cmj,1,0,3.523,705.812481760569,862.964137328576,1568.77661908914,Propulsion
2021-10-18,"",cmj,1,0,3.524,704.907664362668,858.902364874537,1563.81002923721,Propulsion
2021-10-18,"",cmj,1,0,3.525,703.975642497066,854.678788314683,1558.65443081175,Propulsion
2021-10-18,"",cmj,1,0,3.526,703.036591663779,850.301978356521,1553.3385700203,Propulsion
2021-10-18,"",cmj,1,0,3.527,702.113352477738,845.782398112993,1547.89575059073,Propulsion
2021-10-18,"",cmj,1,0,3.528,701.230609331707,841.13261944025,1542.36322877196,Propulsion
2021-10-18,"",cmj,1,0,3.529,700.413794046868,836.367577500898,1536.78137154777,Propulsion
2021-10-18,"",cmj,1,0,3.53,699.687759500254,831.504766787274,1531.19252628753,Propulsion
2021-10-18,"",cmj,1,0,3.531,699.075300083365,826.564269088265,1525.63956917163,Propulsion
2021-10-18,"",cmj,1,0,3.532,698.595618467862,821.568513242347,1520.16413171021,Propulsion
2021-10-18,"",cmj,1,0,3.533,698.262850053117,816.541700767848,1514.80455082097,Propulsion
2021-10-18,"",cmj,1,0,3.534,698.084761682675,811.508884845882,1509.59364652856,Propulsion
2021-10-18,"",cmj,1,0,3.535,698.061741571405,806.494749674004,1504.55649124541,Propulsion
2021-10-18,"",cmj,1,0,3.536,698.186189436765,801.522190080855,1499.70837951762,Propulsion
2021-10-18,"",cmj,1,0,3.537,698.442395387531,796.610829260963,1495.05322464849,Propulsion
2021-10-18,"",cmj,1,0,3.538,698.806963248111,791.775631887565,1490.58259513568,Propulsion
2021-10-18,"",cmj,1,0,3.539,699.249792246664,787.025770068498,1486.27556231516,Propulsion
2021-10-18,"",cmj,1,0,3.54,699.735584446686,782.363882695172,1482.09946714186,Propulsion
2021-10-18,"",cmj,1,0,3.541,700.225797251098,777.785839695468,1478.01163694657,Propulsion
2021-10-18,"",cmj,1,0,3.542,700.680912860344,773.281085980515,1473.96199884086,Propulsion
2021-10-18,"",cmj,1,0,3.543,701.062853512842,768.833594969177,1469.89644848202,Propulsion
2021-10-18,"",cmj,1,0,3.544,701.337342621833,764.423404715342,1465.76074733718,Propulsion
2021-10-18,"",cmj,1,0,3.545,701.476009496533,760.028640389652,1461.50464988619,Propulsion
2021-10-18,"",cmj,1,0,3.546,701.458063169945,755.627854526324,1457.08591769627,Propulsion
2021-10-18,"",cmj,1,0,3.547,701.271413218177,751.202459682138,1452.47387290031,Propulsion
2021-10-18,"",cmj,1,0,3.548,700.913181209445,746.739003514065,1447.65218472351,Propulsion
2021-10-18,"",cmj,1,0,3.549,700.389610454461,742.23104847001,1442.62065892447,Propulsion
2021-10-18,"",cmj,1,0,3.55,699.71542997086,737.680463297999,1437.39589326886,Propulsion
2021-10-18,"",cmj,1,0,3.551,698.912757877161,733.098004998537,1432.0107628757,Propulsion
2021-10-18,"",cmj,1,0,3.552,698.009647360873,728.503158419438,1426.51280578031,Propulsion
2021-10-18,"",cmj,1,0,3.553,697.038391929376,723.923290772932,1420.96168270231,Propulsion
2021-10-18,"",cmj,1,0,3.554,696.033716381188,719.392248595731,1415.42596497692,Propulsion
2021-10-18,"",cmj,1,0,3.555,695.030982517561,714.948558338787,1409.97954085635,Propulsion
2021-10-18,"",cmj,1,0,3.556,694.064529324779,710.63338973844,1404.69791906322,Propulsion
2021-10-18,"",cmj,1,0,3.557,693.16624308004,706.488420680066,1399.65466376011,Propulsion
2021-10-18,"",cmj,1,0,3.558,692.36441774232,702.553721962161,1394.91813970448,Propulsion
2021-10-18,"",cmj,1,0,3.559,691.682930124051,698.865769280105,1390.54869940416,Propulsion
2021-10-18,"",cmj,1,0,3.56,691.140724227118,695.455687944374,1386.59641217149,Propulsion
2021-10-18,"",cmj,1,0,3.561,690.75157622451,692.347836111933,1383.09941233644,Propulsion
2021-10-18,"",cmj,1,0,3.562,690.524098121316,689.558821517775,1380.08291963909,Propulsion
2021-10-18,"",cmj,1,0,3.563,690.461935089845,687.097015100645,1377.55895019049,Propulsion
2021-10-18,"",cmj,1,0,3.564,690.564114401863,684.962576497221,1375.52669089908,Propulsion
2021-10-18,"",cmj,1,0,3.565,690.825508555151,683.147955513911,1373.97346406906,Propulsion
2021-10-18,"",cmj,1,0,3.566,691.237382035205,681.638792978991,1372.8761750142,Propulsion
2021-10-18,"",cmj,1,0,3.567,691.788000684943,680.415118281796,1372.20311896674,Propulsion
2021-10-18,"",cmj,1,0,3.568,692.463292279369,679.452728489373,1371.91602076874,Propulsion
2021-10-18,"",cmj,1,0,3.569,693.247553006266,678.724634541561,1371.97218754783,Propulsion
2021-10-18,"",cmj,1,0,3.57,694.124194544114,678.202474689258,1372.32666923337,Propulsion
2021-10-18,"",cmj,1,0,3.571,695.076520362257,677.857822339709,1372.93434270197,Propulsion
2021-10-18,"",cmj,1,0,3.572,696.088511558419,677.663346438315,1373.75185799673,Propulsion
2021-10-18,"",cmj,1,0,3.573,697.145596072856,677.59380626603,1374.73940233889,Propulsion
2021-10-18,"",cmj,1,0,3.574,698.235369660005,677.626873778747,1375.86224343875,Propulsion
2021-10-18,"",cmj,1,0,3.575,699.348228745124,677.743778834438,1377.09200757956,Propulsion
2021-10-18,"",cmj,1,0,3.576,700.477865159797,677.929772734188,1378.40763789399,Propulsion
2021-10-18,"",cmj,1,0,3.577,701.621569072274,678.174408777989,1379.79597785026,Propulsion
2021-10-18,"",cmj,1,0,3.578,702.780298127422,678.471648778695,1381.25194690612,Propulsion
2021-10-18,"",cmj,1,0,3.579,703.958497742042,678.819822763341,1382.77832050538,Propulsion
2021-10-18,"",cmj,1,0,3.58,705.163688554829,679.221487804138,1384.38517635897,Propulsion
2021-10-18,"",cmj,1,0,3.581,706.405860624504,679.683234312182,1386.08909493669,Propulsion
2021-10-18,"",cmj,1,0,3.582,707.696729099823,680.215460922901,1387.91219002272,Propulsion
2021-10-18,"",cmj,1,0,3.583,709.048917157431,680.832086380252,1389.88100353768,Propulsion
2021-10-18,"",cmj,1,0,3.584,710.475136551278,681.550112068633,1392.02524861991,Propulsion
2021-10-18,"",cmj,1,0,3.585,711.987428306649,682.388924924229,1394.37635323088,Propulsion
2021-10-18,"",cmj,1,0,3.586,713.596509329003,683.369262190991,1396.96577151999,Propulsion
2021-10-18,"",cmj,1,0,3.587,715.311255320125,684.511847385054,1399.82310270518,Propulsion
2021-10-18,"",cmj,1,0,3.588,717.138339791295,685.835824355781,1402.97416414708,Propulsion
2021-10-18,"",cmj,1,0,3.589,719.082036748198,687.35722221505,1406.43925896325,Propulsion
2021-10-18,"",cmj,1,0,3.59,721.144176189197,689.087737705414,1410.23191389461,Propulsion
2021-10-18,"",cmj,1,0,3.591,723.324222410933,691.03409506317,1414.3583174741,Propulsion
2021-10-18,"",cmj,1,0,3.592,725.619436642649,693.198130300227,1418.81756694288,Propulsion
2021-10-18,"",cmj,1,0,3.593,728.025095344855,695.577570231613,1423.60266557647,Propulsion
2021-10-18,"",cmj,1,0,3.594,730.534759021617,698.167289155264,1428.70204817688,Propulsion
2021-10-18,"",cmj,1,0,3.595,733.140605489459,700.960697437995,1434.10130292745,Propulsion
2021-10-18,"",cmj,1,0,3.596,735.833837836893,703.950905294925,1439.78474313182,Propulsion
2021-10-18,"",cmj,1,0,3.597,738.605150444417,707.131424518091,1445.73657496251,Propulsion
2021-10-18,"",cmj,1,0,3.598,741.445206097557,710.496366562164,1451.94157265972,Propulsion
2021-10-18,"",cmj,1,0,3.599,744.345066435509,714.040268413502,1458.38533484901,Propulsion
2021-10-18,"",cmj,1,0,3.6,747.296534745878,717.75774831874,1465.05428306462,Propulsion
2021-10-18,"",cmj,1,0,3.601,750.292403442291,721.64315237747,1471.93555581976,Propulsion
2021-10-18,"",cmj,1,0,3.602,753.326630351929,725.690253693139,1479.01688404507,Propulsion
2021-10-18,"",cmj,1,0,3.603,756.394485335502,729.891977313115,1486.28646264862,Propulsion
2021-10-18,"",cmj,1,0,3.604,759.49270508699,734.240090600736,1493.73279568773,Propulsion
2021-10-18,"",cmj,1,0,3.605,762.619668085079,738.724824794887,1501.34449287997,Propulsion
2021-10-18,"",cmj,1,0,3.606,765.775564266725,743.334455576017,1509.11001984274,Propulsion
2021-10-18,"",cmj,1,0,3.607,768.962507207854,748.054938548931,1517.01744575679,Propulsion
2021-10-18,"",cmj,1,0,3.608,772.184537422376,752.86974714364,1525.05428456602,Propulsion
2021-10-18,"",cmj,1,0,3.609,775.447489735121,757.76007775314,1533.20756748826,Propulsion
2021-10-18,"",cmj,1,0,3.61,778.758725196611,762.705552163194,1541.46427735981,Propulsion
2021-10-18,"",cmj,1,0,3.611,782.126742563004,767.685450311725,1549.81219287473,Propulsion
2021-10-18,"",cmj,1,0,3.612,785.560687452504,772.680360932807,1558.24104838531,Propulsion
2021-10-18,"",cmj,1,0,3.613,789.069780879137,777.673986952484,1566.74376783162,Propulsion
2021-10-18,"",cmj,1,0,3.614,792.662698463675,782.654741751418,1575.31744021509,Propulsion
2021-10-18,"",cmj,1,0,3.615,796.346941220663,787.616761996798,1583.96370321746,Propulsion
2021-10-18,"",cmj,1,0,3.616,800.128241389955,792.560054145193,1592.68829553515,Propulsion
2021-10-18,"",cmj,1,0,3.617,804.010042999039,797.48966577725,1601.49970877629,Propulsion
2021-10-18,"",cmj,1,0,3.618,807.993092184885,802.413983046787,1610.40707523167,Propulsion
2021-10-18,"",cmj,1,0,3.619,812.075168900055,807.342440822501,1619.41760972256,Propulsion
2021-10-18,"",cmj,1,0,3.62,816.250984194292,812.283042117365,1628.53402631166,Propulsion
2021-10-18,"",cmj,1,0,3.621,820.512249661045,817.240098343345,1637.75234800439,Propulsion
2021-10-18,"",cmj,1,0,3.622,824.847901980824,822.21253326755,1647.06043524837,Propulsion
2021-10-18,"",cmj,1,0,3.623,829.244450843122,827.192970579396,1656.43742142252,Propulsion
2021-10-18,"",cmj,1,0,3.624,833.686427013927,832.167682251821,1665.85410926575,Propulsion
2021-10-18,"",cmj,1,0,3.625,838.156933880795,837.117343417606,1675.2742772984,Propulsion
2021-10-18,"",cmj,1,0,3.626,842.638316636523,842.018438552124,1684.65675518865,Propulsion
2021-10-18,"",cmj,1,0,3.627,847.112920136167,846.84509866743,1693.9580188036,Propulsion
2021-10-18,"",cmj,1,0,3.628,851.56381238029,851.571119819935,1703.13493220023,Propulsion
2021-10-18,"",cmj,1,0,3.629,855.975266870448,856.171921481126,1712.14718835157,Propulsion
2021-10-18,"",cmj,1,0,3.63,860.332811335448,860.626246349881,1720.95905768533,Propulsion
2021-10-18,"",cmj,1,0,3.631,864.622811129922,864.917463158487,1729.54027428841,Propulsion
2021-10-18,"",cmj,1,0,3.632,868.831814996396,869.034388438129,1737.86620343453,Propulsion
2021-10-18,"",cmj,1,0,3.633,872.946105685063,872.971587166027,1745.91769285109,Propulsion
2021-10-18,"",cmj,1,0,3.634,876.95190079293,876.729159579291,1753.68106037222,Propulsion
2021-10-18,"",cmj,1,0,3.635,880.836365443057,880.312082624972,1761.14844806803,Propulsion
2021-10-18,"",cmj,1,0,3.636,884.589150161683,883.729239295094,1768.31838945678,Propulsion
2021-10-18,"",cmj,1,0,3.637,888.203839293673,886.992309584873,1775.19614887855,Propulsion
2021-10-18,"",cmj,1,0,3.638,891.678715642148,890.114687637919,1781.79340328007,Propulsion
2021-10-18,"",cmj,1,0,3.639,895.016578661459,893.110531898502,1788.12711055996,Propulsion
2021-10-18,"",cmj,1,0,3.64,898.223741535348,895.993980873498,1794.21772240885,Propulsion
2021-10-18,"",cmj,1,0,3.641,901.308556281439,898.778516018054,1800.08707229949,Propulsion
2021-10-18,"",cmj,1,0,3.642,904.279848156741,901.476441977736,1805.75629013448,Propulsion
2021-10-18,"",cmj,1,0,3.643,907.145573944132,904.098468623891,1811.24404256802,Propulsion
2021-10-18,"",cmj,1,0,3.644,909.911927422468,906.653394990479,1816.56532241295,Propulsion
2021-10-18,"",cmj,1,0,3.645,912.583012737138,909.14790260747,1821.73091534461,Propulsion
2021-10-18,"",cmj,1,0,3.646,915.161076404967,911.586468146538,1826.74754455151,Propulsion
2021-10-18,"",cmj,1,0,3.647,917.647135886742,913.971404154754,1831.6185400415,Propulsion
2021-10-18,"",cmj,1,0,3.648,920.041731623888,916.303029305153,1836.34476092904,Propulsion
2021-10-18,"",cmj,1,0,3.649,922.345546990011,918.579957449144,1840.92550443915,Propulsion
2021-10-18,"",cmj,1,0,3.65,924.559787492128,920.799483672629,1845.35927116476,Propulsion
2021-10-18,"",cmj,1,0,3.651,926.686369535571,922.958038299096,1849.64440783467,Propulsion
2021-10-18,"",cmj,1,0,3.652,928.728020451795,925.051672925053,1853.77969337685,Propulsion
2021-10-18,"",cmj,1,0,3.653,930.68833431892,927.076532371488,1857.76486669041,Propulsion
2021-10-18,"",cmj,1,0,3.654,932.57175752409,929.029256632884,1861.60101415697,Propulsion
2021-10-18,"",cmj,1,0,3.655,934.383467946238,930.907259231445,1865.29072717768,Propulsion
2021-10-18,"",cmj,1,0,3.656,936.129154176207,932.708853087944,1868.83800726415,Propulsion
2021-10-18,"",cmj,1,0,3.657,937.814745671077,934.433238281132,1872.24798395221,Propulsion
2021-10-18,"",cmj,1,0,3.658,939.446155404096,936.080407289661,1875.52656269376,Propulsion
2021-10-18,"",cmj,1,0,3.659,941.029071485131,937.651039094625,1878.68011057976,Propulsion
2021-10-18,"",cmj,1,0,3.66,942.56879828982,939.146435994847,1881.71523428467,Propulsion
2021-10-18,"",cmj,1,0,3.661,944.070130550534,940.568517692304,1884.63864824284,Propulsion
2021-10-18,"",cmj,1,0,3.662,945.537251043794,941.919846697135,1887.45709774093,Propulsion
2021-10-18,"",cmj,1,0,3.663,946.973654314712,943.203635751074,1890.17729006579,Propulsion
2021-10-18,"",cmj,1,0,3.664,948.382102108458,944.423691143937,1892.8057932524,Propulsion
2021-10-18,"",cmj,1,0,3.665,949.76461798069,945.584272663063,1895.34889064375,Propulsion
2021-10-18,"",cmj,1,0,3.666,951.122534794821,946.689888478085,1897.81242327291,Propulsion
2021-10-18,"",cmj,1,0,3.667,952.456608996567,947.745074746832,1900.2016837434,Propulsion
2021-10-18,"",cmj,1,0,3.668,953.767198989661,948.754221535677,1902.52142052534,Propulsion
2021-10-18,"",cmj,1,0,3.669,955.054480162394,949.721494040491,1904.77597420288,Propulsion
2021-10-18,"",cmj,1,0,3.67,956.318657619551,950.650866830203,1906.96952444975,Propulsion
2021-10-18,"",cmj,1,0,3.671,957.560150539617,951.546250714303,1909.10640125392,Propulsion
2021-10-18,"",cmj,1,0,3.672,958.779747319088,952.411659179494,1911.19140649858,Propulsion
2021-10-18,"",cmj,1,0,3.673,959.978744659558,953.251344722513,1913.23008938207,Propulsion
2021-10-18,"",cmj,1,0,3.674,961.159074172209,954.069840371995,1915.2289145442,Propulsion
2021-10-18,"",cmj,1,0,3.675,962.323396491582,954.871864875146,1917.19526136673,Propulsion
2021-10-18,"",cmj,1,0,3.676,963.4751255367,955.662082673843,1919.13720821054,Propulsion
2021-10-18,"",cmj,1,0,3.677,964.61834622742,956.444744926197,1921.06309115362,Propulsion
2021-10-18,"",cmj,1,0,3.678,965.757604904787,957.223270252357,1922.98087515714,Propulsion
2021-10-18,"",cmj,1,0,3.679,966.897575417636,957.999846509291,1924.89742192693,Propulsion
2021-10-18,"",cmj,1,0,3.68,968.042630866505,958.77514001595,1926.81777088246,Propulsion
2021-10-18,"",cmj,1,0,3.681,969.196375859769,959.54818254501,1928.74455840478,Propulsion
2021-10-18,"",cmj,1,0,3.682,970.361207442834,960.316471800476,1930.67767924331,Propulsion
2021-10-18,"",cmj,1,0,3.683,971.537968216992,961.076276233624,1932.61424445062,Propulsion
2021-10-18,"",cmj,1,0,3.684,972.7257352758,961.823091217742,1934.54882649354,Propulsion
2021-10-18,"",cmj,1,0,3.685,973.921762389794,962.55216237236,1936.47392476215,Propulsion
2021-10-18,"",cmj,1,0,3.686,975.121568775169,963.258981629917,1938.38055040509,Propulsion
2021-10-18,"",cmj,1,0,3.687,976.319149833151,963.939674643784,1940.25882447694,Propulsion
2021-10-18,"",cmj,1,0,3.688,977.507274139661,964.591229032503,1942.09850317216,Propulsion
2021-10-18,"",cmj,1,0,3.689,978.677826852771,965.211551072326,1943.8893779251,Propulsion
2021-10-18,"",cmj,1,0,3.69,979.822162257807,965.799372525952,1945.62153478376,Propulsion
2021-10-18,"",cmj,1,0,3.691,980.931435631927,966.35405146643,1947.28548709836,Propulsion
2021-10-18,"",cmj,1,0,3.692,981.996895221898,966.875318603344,1948.87221382524,Propulsion
2021-10-18,"",cmj,1,0,3.693,983.010127138718,967.363016465844,1950.37314360456,Propulsion
2021-10-18,"",cmj,1,0,3.694,983.963255704202,967.816867728522,1951.78012343272,Propulsion
2021-10-18,"",cmj,1,0,3.695,984.849105775202,968.236293428949,1953.08539920415,Propulsion
2021-10-18,"",cmj,1,0,3.696,985.661332273864,968.620282759201,1954.28161503307,Propulsion
2021-10-18,"",cmj,1,0,3.697,986.394518361437,968.96729874521,1955.36181710665,Propulsion
2021-10-18,"",cmj,1,0,3.698,987.044239452192,969.275197857333,1956.31943730953,Propulsion
2021-10-18,"",cmj,1,0,3.699,987.607087451604,969.541151325689,1957.14823877729,Propulsion
2021-10-18,"",cmj,1,0,3.7,988.080650121162,969.761576633372,1957.84222675453,Propulsion
2021-10-18,"",cmj,1,0,3.701,988.463444017807,969.932108811639,1958.39555282945,Propulsion
2021-10-18,"",cmj,1,0,3.702,988.754803918692,970.047652807354,1958.80245672605,Propulsion
2021-10-18,"",cmj,1,0,3.703,988.954736027405,970.10255265057,1959.05728867798,Propulsion
2021-10-18,"",cmj,1,0,3.704,989.063746729616,970.09088725435,1959.15463398397,Propulsion
2021-10-18,"",cmj,1,0,3.705,989.082662199028,970.006862444448,1959.08952464348,Propulsion
2021-10-18,"",cmj,1,0,3.706,989.012454379372,969.845230221768,1958.85768460114,Propulsion
2021-10-18,"",cmj,1,0,3.707,988.854084667621,969.601647269987,1958.45573193761,Propulsion
2021-10-18,"",cmj,1,0,3.708,988.608370010716,969.272893498315,1957.88126350903,Propulsion
2021-10-18,"",cmj,1,0,3.709,988.275870510653,968.856902866405,1957.13277337706,Propulsion
2021-10-18,"",cmj,1,0,3.71,987.856794034912,968.352601623983,1956.20939565889,Propulsion
2021-10-18,"",cmj,1,0,3.711,987.3509097569,967.759591697627,1955.11050145453,Propulsion
2021-10-18,"",cmj,1,0,3.712,986.757458408012,967.07774706503,1953.83520547304,Propulsion
2021-10-18,"",cmj,1,0,3.713,986.075046663729,966.306798935312,1952.38184559904,Propulsion
2021-10-18,"",cmj,1,0,3.714,985.301521764453,965.445971641323,1950.74749340578,Propulsion
2021-10-18,"",cmj,1,0,3.715,984.433838131913,964.493705896335,1948.92754402825,Propulsion
2021-10-18,"",cmj,1,0,3.716,983.46793981124,963.447480740853,1946.91542055209,Propulsion
2021-10-18,"",cmj,1,0,3.717,982.398681578188,962.303725111934,1944.70240669012,Propulsion
2021-10-18,"",cmj,1,0,3.718,981.219798653673,961.057796689527,1942.2775953432,Propulsion
2021-10-18,"",cmj,1,0,3.719,979.923919339209,959.704003133814,1939.62792247302,Propulsion
2021-10-18,"",cmj,1,0,3.72,978.502603954812,958.235650266304,1936.73825422112,Propulsion
2021-10-18,"",cmj,1,0,3.721,976.946389543407,956.645116273978,1933.59150581738,Propulsion
2021-10-18,"",cmj,1,0,3.722,975.244823593581,954.923958244237,1930.16878183782,Propulsion
2021-10-18,"",cmj,1,0,3.723,973.386481693534,953.063049838382,1926.44953153192,Propulsion
2021-10-18,"",cmj,1,0,3.724,971.358980717802,951.052731503144,1922.41171222095,Propulsion
2021-10-18,"",cmj,1,0,3.725,969.149014211409,948.882940484522,1918.03195469593,Propulsion
2021-10-18,"",cmj,1,0,3.726,966.742441764959,946.543287181284,1913.28572894624,Propulsion
2021-10-18,"",cmj,1,0,3.727,964.124453451603,944.023056504162,1908.14750995577,Propulsion
2021-10-18,"",cmj,1,0,3.728,961.279805433152,941.311130179856,1902.59093561301,Propulsion
2021-10-18,"",cmj,1,0,3.729,958.193094130874,938.395842624372,1896.58893675525,Propulsion
2021-10-18,"",cmj,1,0,3.73,954.849016543864,935.264798298413,1890.11381484228,Propulsion
2021-10-18,"",cmj,1,0,3.731,951.232559015257,931.904691040466,1883.13725005572,Propulsion
2021-10-18,"",cmj,1,0,3.732,947.329062753782,928.301170000089,1875.63023275387,Propulsion
2021-10-18,"",cmj,1,0,3.733,943.124125929136,924.438788032167,1867.5629139613,Propulsion
2021-10-18,"",cmj,1,0,3.734,938.603316894821,920.3010520503,1858.90436894512,Propulsion
2021-10-18,"",cmj,1,0,3.735,933.751691769682,915.870582084822,1849.6222738545,Propulsion
2021-10-18,"",cmj,1,0,3.736,928.553132151835,911.129380150849,1839.68251230268,Propulsion
2021-10-18,"",cmj,1,0,3.737,922.989542696575,906.05920329349,1829.04874599006,Propulsion
2021-10-18,"",cmj,1,0,3.738,917.039969616559,900.642019090932,1817.68198870749,Propulsion
2021-10-18,"",cmj,1,0,3.739,910.679716596161,894.860499427064,1805.54021602323,Propulsion
2021-10-18,"",cmj,1,0,3.74,903.879544927863,888.698491592507,1792.57803652037,Propulsion
2021-10-18,"",cmj,1,0,3.741,896.605054102211,882.141405266276,1778.74645936849,Propulsion
2021-10-18,"",cmj,1,0,3.742,888.816349151288,875.176470250215,1763.9928194015,Propulsion
2021-10-18,"",cmj,1,0,3.743,880.468105996758,867.792843703133,1748.26094969989,Propulsion
2021-10-18,"",cmj,1,0,3.744,871.510135588448,859.98156558969,1731.49170117814,Propulsion
2021-10-18,"",cmj,1,0,3.745,861.888514275148,851.735371512314,1713.62388578746,Propulsion
2021-10-18,"",cmj,1,0,3.746,851.547294798366,843.04837548042,1694.59567027879,Propulsion
2021-10-18,"",cmj,1,0,3.747,840.430756868731,833.915638846083,1674.34639571481,Propulsion
2021-10-18,"",cmj,1,0,3.748,828.486119106136,824.332651938308,1652.81877104444,Propulsion
2021-10-18,"",cmj,1,0,3.749,815.666616327585,814.29477165943,1629.96138798701,Propulsion
2021-10-18,"",cmj,1,0,3.75,801.934823260255,803.796675151251,1605.73149841151,Propulsion
2021-10-18,"",cmj,1,0,3.751,787.26605532549,792.831899995227,1580.09795532072,Propulsion
2021-10-18,"",cmj,1,0,3.752,771.651608088554,781.392542772373,1553.04415086093,Propulsion
2021-10-18,"",cmj,1,0,3.753,755.101540372872,769.46918300528,1524.57072337815,Propulsion
2021-10-18,"",cmj,1,0,3.754,737.646683023268,757.051094295454,1494.69777731872,Propulsion
2021-10-18,"",cmj,1,0,3.755,719.339565026571,744.126799478594,1463.46636450516,Propulsion
2021-10-18,"",cmj,1,0,3.756,700.253981491196,730.68501231025,1430.93899380145,Propulsion
2021-10-18,"",cmj,1,0,3.757,680.482980509609,716.715971185967,1397.19895169558,Propulsion
2021-10-18,"",cmj,1,0,3.758,660.135126051739,702.213102898719,1362.34822895046,Propulsion
2021-10-18,"",cmj,1,0,3.759,639.329016528642,687.174859167983,1326.50387569662,Propulsion
2021-10-18,"",cmj,1,0,3.76,618.186216276007,671.606460108236,1289.79267638424,Propulsion
2021-10-18,"",cmj,1,0,3.761,596.822987512778,655.521180298667,1252.34416781145,Propulsion
2021-10-18,"",cmj,1,0,3.762,575.341465073984,638.940755675203,1214.28222074919,Propulsion
2021-10-18,"",cmj,1,0,3.763,553.821151626617,621.894512769476,1175.71566439609,Propulsion
2021-10-18,"",cmj,1,0,3.764,532.311785766566,604.416958542171,1136.72874430874,Propulsion
2021-10-18,"",cmj,1,0,3.765,510.828702370469,586.543814513895,1097.37251688436,Propulsion
2021-10-18,"",cmj,1,0,3.766,489.351701259976,568.306786157899,1057.65848741787,Propulsion
2021-10-18,"",cmj,1,0,3.767,467.828117793008,549.727667047567,1017.55578484058,Propulsion
2021-10-18,"",cmj,1,0,3.768,446.180256465329,530.812629975945,976.992886441273,Propulsion
2021-10-18,"",cmj,1,0,3.769,424.316690059159,511.54769693387,935.864386993028,Propulsion
2021-10-18,"",cmj,1,0,3.77,402.146281083864,491.89636409556,894.042645179424,Propulsion
2021-10-18,"",cmj,1,0,3.771,379.5932921832,471.800183549203,851.393475732403,Propulsion
2021-10-18,"",cmj,1,0,3.772,356.611720322882,451.18279573364,807.794516056523,Propulsion
2021-10-18,"",cmj,1,0,3.773,333.197064255949,429.957495723136,763.154559979085,Propulsion
2021-10-18,"",cmj,1,0,3.774,309.394102167881,408.037944177844,717.432046345724,Propulsion
2021-10-18,"",cmj,1,0,3.775,285.299835735694,385.351166149907,670.651001885601,Propulsion
2021-10-18,"",cmj,1,0,3.776,261.061426025362,361.851597907094,622.913023932455,Propulsion
2021-10-18,"",cmj,1,0,3.777,236.869577045129,337.534712601735,574.404289646864,Propulsion
2021-10-18,"",cmj,1,0,3.778,212.948298635371,312.4487134666,525.39701210197,Propulsion
2021-10-18,"",cmj,1,0,3.779,189.542227755796,286.70291574106,476.245143496856,Propulsion
2021-10-18,"",cmj,1,0,3.78,166.902709275222,260.471708524678,427.3744177999,Propulsion
2021-10-18,"",cmj,1,0,3.781,145.273713380907,233.993361338176,379.267074719083,Propulsion
2021-10-18,"",cmj,1,0,3.782,124.878507693496,207.563386679803,332.4418943733,Propulsion
2021-10-18,"",cmj,1,0,3.783,105.907891723316,181.522648334551,287.430540057867,Propulsion
2021-10-18,"",cmj,1,0,3.784,88.5107513419168,156.240865528608,244.751616870525,Propulsion
2021-10-18,"",cmj,1,0,3.785,72.7876404913876,132.096565827577,204.884206318964,Propulsion
2021-10-18,"",cmj,1,0,3.786,58.7879622223332,109.454876888611,168.242839110944,Propulsion
2021-10-18,"",cmj,1,0,3.787,46.5110542968966,88.6448295944037,135.1558838913,Propulsion
2021-10-18,"",cmj,1,0,3.788,35.9110934098388,69.9380566214681,105.849150031307,Propulsion
2021-10-18,"",cmj,1,0,3.789,26.9052558817114,53.5308435911348,80.4360994728461,Propulsion
2021-10-18,"",cmj,1,0,3.79,19.3840774255554,39.5313350180755,58.9154124436308,Propulsion
2021-10-18,"",cmj,1,0,3.791,13.2225529326491,27.9532598076604,41.1758127403096,Propulsion
2021-10-18,"",cmj,1,0,3.792,8.29035009718579,18.7168487774342,27.00719887462,Propulsion
2021-10-18,"",cmj,1,0,3.793,4.45967534959773,11.6567906012775,16.1164659508753,Propulsion
2021-10-18,"",cmj,1,0,3.794,1.60981983704635,6.53629171149111,8.14611154853746,Propulsion
2021-10-18,"",cmj,1,0,3.795,-0.371887736225514,3.06574067261129,2.69385293638578,Propulsion
2021-10-18,"",cmj,1,0,3.796,-1.5922581995645,0.924219258423307,-0.668038941141194,Propulsion
